公司名稱,公司代號,n,confidence(%),every_record
91APP*-KY,6741,1,100.0,100.0
GIS-KY,6456,2,55.0,60.0 ; 50.0
IET-KY,4971,2,21.83,9.45 ; 34.2
M31,6643,2,42.2,84.4 ; 0.0
TPK-KY,3673,2,24.1,24.99 ; 23.21
一詮,2486,5,89.86,100.0 ; 100.0 ; 100.0 ; 65.92 ; 83.38
一零四,3130,4,12.7,43.15 ; 2.47 ; 5.17 ; 0.0
三商,2905,7,70.49,76.28 ; 77.77 ; 100.0 ; 100.0 ; 57.71 ; 41.75 ; 39.94
三商電,2427,9,89.73,82.15 ; 100.0 ; 49.68 ; 78.88 ; 100.0 ; 96.86 ; 100.0 ; 100.0 ; 100.0
三晃,1721,1,88.65,88.65
三洋紡,1472,8,60.17,47.6 ; 49.4 ; 32.65 ; 31.7 ; 89.13 ; 100.0 ; 88.25 ; 42.64
三洋電,1614,8,37.97,50.2 ; 33.75 ; 43.45 ; 35.07 ; 100.0 ; 6.62 ; 24.83 ; 9.83
三發地產,9946,6,57.93,28.17 ; 31.88 ; 22.53 ; 100.0 ; 64.98 ; 100.0
三聯,5493,8,65.13,100.0 ; 35.45 ; 70.77 ; 12.5 ; 71.05 ; 41.13 ; 100.0 ; 90.15
三豐,5514,1,100.0,100.0
三貝德,8489,2,66.46,40.2 ; 92.73
三陽工業,2206,14,52.85,53.01 ; 67.56 ; 17.85 ; 100.0 ; 28.62 ; 60.0 ; 78.47 ; 100.0 ; 100.0 ; 41.31 ; 19.05 ; 0.0 ; 71.55 ; 2.5
三顧,3224,3,80.22,74.6 ; 100.0 ; 66.05
上奇,6123,8,84.51,50.3 ; 100.0 ; 85.8 ; 100.0 ; 91.67 ; 100.0 ; 53.93 ; 94.4
上揚,6222,1,83.83,83.83
上曜,1316,2,98.32,96.64 ; 100.0
上福,6128,2,100.0,100.0 ; 100.0
上緯投控,3708,4,64.75,90.8 ; 63.8 ; 54.4 ; 50.0
上詮,3363,3,93.83,81.5 ; 100.0 ; 100.0
世德,2066,2,31.18,12.35 ; 50.0
世界,5347,8,77.4,32.72 ; 100.0 ; 60.0 ; 83.73 ; 84.28 ; 100.0 ; 58.46 ; 100.0
世禾,3551,2,50.94,77.67 ; 24.2
世紀,5314,3,40.31,13.5 ; 7.44 ; 100.0
世芯-KY,3661,6,55.82,50.75 ; 59.2 ; 86.5 ; 0.0 ; 96.25 ; 42.2
世豐,2065,1,100.0,100.0
世鎧,2063,1,100.0,100.0
中保科,9917,3,90.0,100.0 ; 100.0 ; 70.0
中信金,2891,4,54.75,9.67 ; 9.32 ; 100.0 ; 100.0
中光電,5371,7,27.4,24.49 ; 6.23 ; 0.0 ; 0.0 ; 51.05 ; 10.0 ; 100.0
中和,1439,5,171.79,91.74 ; 467.23 ; 100.0 ; 100.0 ; 100.0
中壽,2823,7,24.16,32.17 ; 11.1 ; 87.96 ; 4.99 ; 2.0 ; 8.79 ; 22.08
中天,4128,6,70.62,50.15 ; 18.81 ; 100.0 ; 100.0 ; 100.0 ; 54.74
中探針,6217,3,83.04,100.0 ; 89.2 ; 59.93
中環,2323,52,83.88,100.0 ; 60.98 ; 100.0 ; 100.0 ; 100.0 ; 41.16 ; 37.6 ; 100.0 ; 100.0 ; 56.36 ; 100.0 ; 100.0 ; 66.57 ; 58.0 ; 94.06 ; 100.0 ; 100.0 ; 100.0 ; 37.62 ; 90.28 ; 100.0 ; 100.0 ; 100.0 ; 50.37 ; 77.92 ; 82.84 ; 100.0 ; 100.0 ; 43.16 ; 100.0 ; 22.12 ; 100.0 ; 100.0 ; 100.0 ; 100.0 ; 49.78 ; 6.74 ; 85.18 ; 75.99 ; 100.0 ; 100.0 ; 100.0 ; 100.0 ; 43.06 ; 100.0 ; 100.0 ; 100.0 ; 100.0 ; 91.13 ; 94.45 ; 100.0 ; 96.22
中石化,1314,1,0.0,0.0
中磊,5388,10,69.74,100.0 ; 10.6 ; 100.0 ; 50.0 ; 28.05 ; 80.1 ; 88.65 ; 100.0 ; 100.0 ; 39.96
中纖,1718,16,69.81,57.54 ; 61.22 ; 81.85 ; 100.0 ; 100.0 ; 100.0 ; 87.45 ; 100.0 ; 94.49 ; 100.0 ; 100.0 ; 60.0 ; 4.5 ; 27.43 ; 40.92 ; 1.52
中美晶,5483,3,65.38,100.0 ; 77.63 ; 18.52
中興電,1513,4,92.52,89.21 ; 80.85 ; 100.0 ; 100.0
中茂,5205,1,47.3,47.3
中華,2204,4,74.03,23.61 ; 100.0 ; 100.0 ; 72.5
中華化,1727,1,90.7,90.7
中華電,2412,2,62.61,76.8 ; 48.43
中菲,5403,6,68.72,50.0 ; 66.15 ; 54.78 ; 46.03 ; 100.0 ; 95.38
中菲行,5609,7,89.68,80.0 ; 47.73 ; 100.0 ; 100.0 ; 100.0 ; 100.0 ; 100.0
中視,9928,1,96.13,96.13
中連貨,5604,7,62.55,65.08 ; 0.0 ; 100.0 ; 76.0 ; 97.07 ; 56.17 ; 43.53
中鋼,2002,3,45.6,100.0 ; 0.8 ; 36.0
中電,1611,3,57.47,2.19 ; 70.21 ; 100.0
中鴻,2014,1,98.96,98.96
中鼎,9933,1,10.59,10.59
久威,6114,2,66.4,100.0 ; 32.8
久正,6167,7,92.88,100.0 ; 100.0 ; 101.8 ; 98.93 ; 49.44 ; 100.0 ; 100.0
久陽,5011,1,76.2,76.2
乙盛-KY,5243,3,59.81,48.0 ; 31.43 ; 100.0
九暘,8040,6,100.0,100.0 ; 100.0 ; 100.0 ; 100.0 ; 100.0 ; 100.0
九豪,6127,9,57.9,1.33 ; 97.25 ; 4.72 ; 100.0 ; 26.86 ; 37.57 ; 100.0 ; 100.0 ; 53.4
九齊,6494,1,64.4,64.4
事欣科,4916,5,35.76,30.13 ; 25.0 ; 38.69 ; 10.0 ; 75.0
云辰,2390,24,95.4,100.0 ; 100.0 ; 100.0 ; 100.0 ; 65.08 ; 100.0 ; 100.0 ; 100.0 ; 100.0 ; 100.0 ; 100.0 ; 100.0 ; 100.0 ; 100.0 ; 100.0 ; 100.0 ; 100.0 ; 100.0 ; 100.0 ; 100.0 ; 99.78 ; 100.0 ; 100.0 ; 24.73
互億,6172,3,27.3,12.2 ; 37.93 ; 31.77
互盛電,2433,8,75.81,71.5 ; 100.0 ; 7.48 ; 100.0 ; 77.11 ; 82.17 ; 100.0 ; 68.2
五鼎,1733,5,28.45,2.55 ; 78.8 ; 0.0 ; 3.6 ; 57.3
亞信,3169,3,66.36,100.0 ; 32.83 ; 66.25
亞元,6109,3,45.24,8.2 ; 44.2 ; 83.33
亞光,3019,3,67.31,41.2 ; 100.0 ; 60.72
亞力,1514,4,84.6,99.1 ; 70.88 ; 100.08 ; 68.33
亞崴,1530,2,84.22,69.83 ; 98.6
亞帝歐,3516,5,59.82,24.6 ; 74.37 ; 33.98 ; 100.0 ; 66.15
亞昕,5213,9,78.91,75.8 ; 100.0 ; 59.76 ; 100.0 ; 100.0 ; 75.52 ; 100.0 ; 84.28 ; 14.8
亞泥,1102,2,84.79,71.03 ; 98.55
亞矽,6113,6,93.65,61.9 ; 100.0 ; 100.0 ; 100.0 ; 100.0 ; 100.0
亞翔,6139,4,26.1,44.92 ; 24.86 ; 19.71 ; 14.91
亞航,2630,1,41.76,41.76
亞諾法,4133,1,100.0,100.0
亞通,6179,3,66.81,71.0 ; 29.42 ; 100.0
亞銳士,6171,2,100.0,100.0 ; 100.0
京元電子,2449,15,88.95,57.07 ; 92.92 ; 84.88 ; 82.99 ; 100.0 ; 100.0 ; 100.0 ; 30.6 ; 100.0 ; 85.85 ; 100.0 ; 100.0 ; 100.0 ; 100.0 ; 100.0
京城,2524,6,91.39,100.0 ; 99.7 ; 100.0 ; 100.0 ; 83.78 ; 64.88
京城銀,2809,23,90.23,100.0 ; 100.0 ; 66.74 ; 5.0 ; 100.0 ; 100.0 ; 100.0 ; 100.0 ; 90.5 ; 12.97 ; 100.0 ; 100.0 ; 100.0 ; 100.0 ; 100.0 ; 100.0 ; 100.0 ; 100.0 ; 100.0 ; 100.0 ; 100.0 ; 100.0 ; 100.0
仁寶,2324,7,51.83,49.25 ; 75.04 ; 99.99 ; 37.89 ; 42.09 ; 58.52 ; 0.0
今國光,6209,1,31.04,31.04
今皓,3011,4,57.75,72.07 ; 30.0 ; 65.08 ; 63.86
仲琦,2419,11,68.98,58.18 ; 100.0 ; 0.0 ; 100.0 ; 42.93 ; 82.54 ; 31.35 ; 95.27 ; 88.54 ; 83.33 ; 76.69
伍豐,8076,8,50.14,0.0 ; 45.83 ; 34.0 ; 69.72 ; 35.06 ; 52.5 ; 100.0 ; 63.98
伸興,1558,4,20.67,0.0 ; 81.27 ; 1.42 ; 0.0
位速,3508,2,39.72,25.64 ; 53.8
佑華,8024,10,52.84,100.0 ; 100.0 ; 10.4 ; 30.15 ; 100.0 ; 49.84 ; 57.5 ; 37.9 ; 22.65 ; 20.0
佰研,3205,1,22.7,22.7
佰鴻,3031,3,100.0,100.0 ; 100.0 ; 100.0
佳世達,2352,4,78.72,100.0 ; 100.0 ; 14.86 ; 100.0
佳凌,4976,6,39.54,100.0 ; 12.07 ; 19.57 ; 13.23 ; 50.57 ; 41.8
佳和,1449,1,96.32,96.32
佳必琪,6197,3,100.0,100.0 ; 100.0 ; 100.0
佳穎,3310,3,69.33,100.0 ; 100.0 ; 8.0
佳總,5355,3,99.9,99.7 ; 100.0 ; 100.0
佳能,2374,7,72.1,39.54 ; 100.0 ; 44.16 ; 100.0 ; 21.0 ; 100.0 ; 100.0
佳邦,6284,10,75.5,99.9 ; 91.13 ; 27.58 ; 45.9 ; 64.3 ; 82.17 ; 100.0 ; 84.0 ; 60.0 ; 100.0
佳醫,4104,3,23.89,25.0 ; 26.67 ; 20.0
佳龍,9955,3,62.8,21.2 ; 95.47 ; 71.74
佶優,5452,16,36.43,100.0 ; 8.49 ; 60.54 ; 55.57 ; 54.4 ; 7.06 ; 71.21 ; 70.17 ; 21.8 ; 14.47 ; 17.1 ; 2.13 ; 68.67 ; 27.2 ; 4.13 ; 0.0
來思達,8066,1,51.0,51.0
保瑞,6472,4,44.78,52.6 ; 51.5 ; 0.0 ; 75.0
保銳,8093,2,100.0,100.0 ; 100.0
信大,1109,4,16.53,27.48 ; 11.68 ; 15.28 ; 11.68
信昌電,6173,9,92.03,28.25 ; 100.0 ; 100.0 ; 100.0 ; 100.0 ; 100.0 ; 100.0 ; 100.0 ; 100.0
信立,4303,2,100.0,100.0 ; 100.0
信義,9940,1,93.89,93.89
信邦,3023,5,80.13,100.0 ; 100.0 ; 100.0 ; 37.67 ; 63.0
信音,6126,15,83.8,100.0 ; 100.0 ; 20.0 ; 100.0 ; 46.67 ; 100.0 ; 86.33 ; 94.25 ; 100.0 ; 63.18 ; 81.76 ; 100.0 ; 81.54 ; 100.0 ; 83.23
倉佑,1568,2,64.7,55.4 ; 74.0
倍微,6270,6,47.03,50.4 ; 52.17 ; 81.27 ; 17.64 ; 29.22 ; 51.5
倫飛,2364,1,70.04,70.04
偉全,1465,1,100.0,100.0
偉聯,9912,2,92.0,100.0 ; 84.0
偉訓,3032,6,55.96,66.4 ; 100.0 ; 42.7 ; 26.65 ; 50.0 ; 50.0
偉詮電,2436,9,77.31,100.0 ; 100.0 ; 62.5 ; 100.0 ; 100.0 ; 20.0 ; 13.33 ; 100.0 ; 100.0
健亞,4130,3,59.81,27.1 ; 52.33 ; 100.0
健信,4502,5,89.1,101.29 ; 100.0 ; 100.0 ; 100.0 ; 44.2
健和興,3003,3,49.58,26.6 ; 100.0 ; 22.14
健喬,4114,13,76.05,100.0 ; 99.6 ; 42.25 ; 66.38 ; 80.2 ; 83.8 ; 27.1 ; 60.08 ; 37.3 ; 91.98 ; 100.0 ; 100.0 ; 100.0
健策,3653,3,62.5,25.0 ; 100.0 ; 62.5
僑威,3078,2,15.38,30.76 ; 0.0
億光,2393,1,10.06,10.06
億泰,1616,1,100.0,100.0
儒鴻,1476,1,100.0,100.0
優盛,4121,5,92.26,100.0 ; 100.0 ; 61.3 ; 100.0 ; 100.0
優群,3217,5,73.38,100.0 ; 65.6 ; 3.57 ; 97.75 ; 100.0
允強,2034,2,85.85,100.0 ; 71.71
元創精密,3685,2,61.82,40.45 ; 83.2
元大金,2885,18,64.71,35.92 ; 98.59 ; 100.0 ; 100.0 ; 100.0 ; 50.6 ; 27.12 ; 36.83 ; 15.0 ; 14.0 ; 45.61 ; 76.07 ; 80.0 ; 100.0 ; 0.05 ; 84.91 ; 100.0 ; 100.0
元太,8069,3,36.15,3.7 ; 4.75 ; 100.0
元山,6275,6,53.17,62.92 ; 57.7 ; 62.0 ; 10.0 ; 75.33 ; 51.07
元炬,3089,3,83.97,51.9 ; 100.0 ; 100.0
元禎,1725,4,20.46,20.53 ; 4.68 ; 6.77 ; 49.87
元隆,6287,2,42.5,15.97 ; 69.04
兆利,3548,2,45.4,47.8 ; 43.0
兆勁,2444,1,99.7,99.7
兆豐金,2886,5,47.32,100.0 ; 100.0 ; 2.01 ; 12.58 ; 22.0
兆赫,2485,1,0.0,0.0
先進光,3362,2,25.0,50.0 ; 0.0
光寶科,2301,6,55.4,88.0 ; 29.75 ; 61.88 ; 30.0 ; 22.79 ; 100.0
光明,4420,3,18.17,19.3 ; 28.0 ; 7.2
光洋科,1785,10,38.09,100.0 ; 70.5 ; 23.53 ; 26.44 ; 13.43 ; 25.0 ; 20.64 ; 70.06 ; 14.14 ; 17.19
光環,3234,3,49.67,34.34 ; 100.0 ; 14.67
光磊,2340,7,49.7,100.0 ; 100.0 ; 0.0 ; 4.09 ; 25.26 ; 57.25 ; 61.32
光罩,2338,29,73.87,100.0 ; 100.0 ; 2.03 ; 18.06 ; 7.16 ; 50.97 ; 62.57 ; 100.0 ; 63.09 ; 100.0 ; 49.89 ; 100.0 ; 41.08 ; 93.27 ; 56.6 ; 100.0 ; 100.0 ; 100.0 ; 70.02 ; 100.0 ; 29.68 ; 69.7 ; 53.25 ; 100.0 ; 100.0 ; 100.0 ; 100.0 ; 74.75 ; 100.0
光群雷,2461,28,99.57,100.0 ; 100.0 ; 100.0 ; 100.0 ; 100.0 ; 99.96 ; 96.76 ; 100.0 ; 100.0 ; 100.0 ; 100.0 ; 99.98 ; 100.0 ; 100.0 ; 100.0 ; 100.0 ; 100.0 ; 91.37 ; 100.0 ; 100.0 ; 100.0 ; 100.0 ; 100.0 ; 100.0 ; 100.0 ; 100.0 ; 100.0 ; 100.0
光耀,3666,3,60.38,26.14 ; 55.0 ; 100.0
光聖,6442,1,100.0,100.0
光聯,5315,5,81.16,100.0 ; 100.0 ; 45.8 ; 60.0 ; 100.0
光隆,8916,5,75.2,100.0 ; 100.0 ; 76.0 ; 100.0 ; 0.0
光頡,3624,2,22.8,45.6 ; 0.0
光鼎,6226,6,64.46,100.0 ; 100.0 ; 38.77 ; 66.7 ; 56.0 ; 25.28
全台,3038,20,94.44,100.0 ; 100.0 ; 88.97 ; 100.0 ; 100.0 ; 100.0 ; 99.9 ; 100.0 ; 100.0 ; 100.0 ; 100.0 ; 100.0 ; 100.0 ; 100.0 ; 100.0 ; 100.0 ; 100.0 ; 100.0 ; 100.0 ; 0.0
全坤建,2509,6,64.53,57.46 ; 28.74 ; 52.15 ; 83.33 ; 93.6 ; 71.88
全域,3067,1,31.5,31.5
全新,2455,7,62.52,100.0 ; 100.0 ; 0.0 ; 85.3 ; 75.0 ; 77.28 ; 0.04
全漢,3015,3,92.61,100.0 ; 77.84 ; 100.0
全球傳動,4540,1,50.0,50.0
全譜,6228,2,7.6,3.7 ; 11.5
六角,2732,2,78.84,65.87 ; 91.8
再生-KY,1337,1,3.46,3.46
冠好,8354,3,74.27,87.2 ; 71.2 ; 64.4
冠德,2520,4,62.0,48.19 ; 99.82 ; 0.0 ; 100.0
冠星-KY,4439,1,50.33,50.33
冠西電,2466,3,35.58,0.0 ; 6.75 ; 100.0
冠軍,1806,4,35.17,11.07 ; 100.0 ; 29.61 ; 0.0
凌泰,6198,1,100.0,100.0
凌網,5212,2,85.65,71.3 ; 100.0
凌華,6166,5,59.45,86.67 ; 73.3 ; 0.3 ; 65.0 ; 72.0
凌陽,2401,5,19.04,12.91 ; 33.15 ; 0.0 ; 49.15 ; 0.0
凡甲,3526,7,79.74,100.0 ; 75.0 ; 59.8 ; 69.67 ; 100.0 ; 81.1 ; 72.6
凱撒衛,1817,1,52.4,52.4
凱碩,8059,3,61.39,5.8 ; 78.36 ; 100.0
凱美,2375,9,60.23,100.0 ; 100.0 ; 100.0 ; 100.0 ; 5.71 ; 49.45 ; 40.73 ; 46.16 ; 0.0
凱羿-KY,2939,4,74.4,100.0 ; 100.0 ; 77.58 ; 20.0
凱衛,5201,4,77.69,100.0 ; 100.0 ; 30.77 ; 80.0
利奇,1517,3,74.33,89.99 ; 53.5 ; 79.5
利華,1423,4,50.67,0.0 ; 2.68 ; 100.0 ; 100.0
創惟,6104,7,76.66,100.0 ; 89.33 ; 100.0 ; 100.0 ; 100.0 ; 8.45 ; 38.83
創見,2451,1,56.67,56.67
力士,4923,1,100.0,100.0
力山,1515,2,92.33,99.19 ; 85.47
力成,6239,3,100.0,100.0 ; 100.0 ; 100.0
力新,5202,5,97.88,89.4 ; 100.0 ; 100.0 ; 100.0 ; 100.0
力旺,3529,4,37.13,33.33 ; 52.5 ; 62.68 ; 0.0
力泰,5520,1,85.0,85.0
力特,3051,2,88.68,77.35 ; 100.0
力肯,1570,1,81.07,81.07
力致,3483,6,70.55,91.9 ; 86.9 ; 0.2 ; 44.3 ; 100.0 ; 100.0
力鵬,1447,5,52.36,69.54 ; 31.51 ; 23.73 ; 37.03 ; 100.0
力麒,5512,10,95.29,85.98 ; 70.9 ; 96.02 ; 100.0 ; 100.0 ; 100.0 ; 100.0 ; 100.0 ; 100.0 ; 100.0
力麗,1444,3,58.13,99.9 ; 38.92 ; 35.57
力麗店,5364,3,42.67,38.12 ; 32.95 ; 56.93
加捷生醫,4109,12,62.4,48.0 ; 99.43 ; 97.8 ; 84.4 ; 65.9 ; 32.6 ; 7.5 ; 100.0 ; 97.33 ; 100.0 ; 15.9 ; 0.0
加百裕,3323,10,77.97,54.2 ; 100.0 ; 100.0 ; 100.0 ; 49.35 ; 93.8 ; 100.0 ; 27.43 ; 79.9 ; 75.0
勁豐,6577,1,59.9,59.9
動力-KY,6591,1,57.5,57.5
勝德,3296,7,72.79,61.83 ; 18.0 ; 29.73 ; 100.0 ; 100.0 ; 100.0 ; 100.0
勝昱,4304,1,100.0,100.0
勤凱科技,4760,3,64.56,100.0 ; 8.0 ; 85.67
勤崴國際,6516,1,100.0,100.0
勤益控,1437,13,67.6,42.47 ; 47.33 ; 26.23 ; 99.0 ; 10.0 ; 0.0 ; 53.75 ; 100.0 ; 100.0 ; 100.0 ; 100.0 ; 100.0 ; 100.0
勤美,1532,7,86.01,41.98 ; 100.0 ; 100.0 ; 100.0 ; 100.0 ; 84.04 ; 76.08
勤誠,8210,2,33.58,27.15 ; 40.0
北基,8927,1,98.52,98.52
匯僑,2904,2,99.8,99.6 ; 100.0
匯鑽科,8431,4,52.87,76.4 ; 35.1 ; 12.8 ; 87.17
十銓,4967,1,100.0,100.0
千如,3236,1,100.0,100.0
千附,8383,6,55.94,42.17 ; 27.17 ; 77.4 ; 100.0 ; 33.5 ; 55.4
卓越,2496,4,61.29,0.0 ; 99.5 ; 89.0 ; 56.67
協易機,4533,6,83.49,100.0 ; 100.0 ; 100.0 ; 100.0 ; 0.94 ; 100.0
協益,5356,7,84.06,100.0 ; 100.0 ; 100.0 ; 100.0 ; 75.59 ; 100.0 ; 12.82
協禧,3071,3,50.98,61.5 ; 54.36 ; 37.07
南亞科,2408,3,81.71,95.0 ; 100.0 ; 50.14
南仁湖,5905,4,59.76,100.0 ; 68.56 ; 0.0 ; 70.5
南光,1752,2,74.8,76.4 ; 73.2
南港,2101,15,96.43,100.0 ; 99.1 ; 99.86 ; 99.48 ; 100.0 ; 100.0 ; 98.96 ; 99.34 ; 99.92 ; 99.89 ; 100.0 ; 100.0 ; 100.0 ; 49.83 ; 100.0
南璋,4712,3,52.59,0.0 ; 100.0 ; 57.78
南紡,1440,2,10.18,6.79 ; 13.57
南緯,1467,3,100.0,100.0 ; 100.0 ; 100.0
南良,5450,17,96.91,100.0 ; 92.73 ; 63.93 ; 100.0 ; 100.0 ; 100.0 ; 100.0 ; 100.0 ; 100.0 ; 100.0 ; 100.0 ; 100.0 ; 100.0 ; 100.0 ; 100.0 ; 100.0 ; 90.76
南茂,8150,3,100.0,100.0 ; 100.0 ; 100.0
南電,8046,1,100.0,100.0
博大,8109,11,75.08,79.7 ; 31.13 ; 100.0 ; 63.0 ; 40.5 ; 100.0 ; 50.1 ; 100.0 ; 80.0 ; 93.5 ; 88.0
博智,8155,1,34.58,34.58
博磊,3581,2,36.12,20.92 ; 51.33
厚生,2107,25,36.21,30.61 ; 7.31 ; 23.03 ; 100.0 ; 14.24 ; 24.98 ; 3.93 ; 31.19 ; 51.43 ; 0.0 ; 8.36 ; 21.46 ; 2.5 ; 0.0 ; 27.21 ; 6.4 ; 37.36 ; 6.1 ; 43.0 ; 27.78 ; 100.0 ; 100.0 ; 100.0 ; 38.37 ; 100.0
原相,3227,9,54.54,100.0 ; 48.25 ; 0.0 ; 81.8 ; 59.68 ; 17.62 ; 100.0 ; 33.55 ; 50.0
及成,3095,2,12.4,20.6 ; 4.2
友威科,3580,2,99.1,98.2 ; 100.0
友訊,2332,11,58.04,3.36 ; 55.03 ; 42.46 ; 100.0 ; 42.22 ; 13.29 ; 100.0 ; 18.07 ; 100.0 ; 100.0 ; 63.97
友輝,4933,4,23.86,20.65 ; 38.7 ; 5.3 ; 30.8
友通,2397,17,51.63,56.0 ; 32.0 ; 18.82 ; 29.0 ; 40.0 ; 95.0 ; 70.0 ; 80.0 ; 100.0 ; 35.81 ; 67.8 ; 0.0 ; 27.3 ; 63.64 ; 90.16 ; 58.87 ; 13.33
友達,2409,3,53.33,0.0 ; 60.0 ; 100.0
友銓,5321,1,100.0,100.0
可成,2474,4,55.92,35.09 ; 62.13 ; 65.33 ; 61.14
台中銀,2812,2,50.0,0.0 ; 100.0
台光電,2383,3,84.74,57.95 ; 96.27 ; 100.0
台半,5425,7,73.98,92.94 ; 82.7 ; 100.0 ; 42.25 ; 20.0 ; 100.0 ; 80.0
台南,1473,8,95.25,100.0 ; 100.0 ; 62.0 ; 100.0 ; 100.0 ; 100.0 ; 100.0 ; 100.0
台嘉碩,3221,4,36.05,23.92 ; 15.45 ; 44.5 ; 60.32
台富,1454,10,86.84,100.0 ; 99.11 ; 100.0 ; 93.52 ; 100.0 ; 53.39 ; 77.63 ; 100.0 ; 100.0 ; 44.76
台微體,4152,1,19.71,19.71
台揚,2314,4,66.23,64.92 ; 0.0 ; 100.0 ; 100.0
台數科,6464,11,90.38,57.94 ; 36.28 ; 100.0 ; 100.0 ; 100.0 ; 100.0 ; 100.0 ; 100.0 ; 100.0 ; 100.0 ; 100.0
台星科,3265,1,59.57,59.57
台林,5353,12,74.1,45.84 ; 100.0 ; 0.0 ; 100.0 ; 100.0 ; 100.0 ; 100.0 ; 100.0 ; 100.0 ; 100.0 ; 8.3 ; 35.0
台榮,1220,1,100.0,100.0
台泥,1101,4,57.5,0.0 ; 100.0 ; 80.0 ; 50.0
台灣大,3045,5,67.9,3.82 ; 84.83 ; 57.76 ; 96.34 ; 96.77
台燿,6274,1,36.95,36.95
台產,2832,13,67.75,72.87 ; 35.47 ; 49.88 ; 42.45 ; 48.97 ; 100.0 ; 58.97 ; 100.0 ; 100.0 ; 100.0 ; 100.0 ; 56.02 ; 16.16
台硝,1724,2,79.28,58.56 ; 100.0
台積電,2330,5,76.69,41.57 ; 100.0 ; 43.33 ; 98.54 ; 100.0
台翰,1336,8,77.94,100.0 ; 78.87 ; 100.0 ; 100.0 ; 44.65 ; 0.0 ; 100.0 ; 100.0
台聯櫃,5601,3,56.13,52.13 ; 18.26 ; 98.0
台聯電,4905,32,88.3,84.63 ; 45.74 ; 56.92 ; 64.64 ; 100.0 ; 10.45 ; 100.0 ; 100.0 ; 42.0 ; 94.5 ; 33.0 ; 100.0 ; 100.0 ; 100.0 ; 100.0 ; 100.0 ; 100.0 ; 100.0 ; 100.0 ; 100.0 ; 100.0 ; 100.0 ; 100.0 ; 100.0 ; 100.0 ; 100.0 ; 100.0 ; 100.0 ; 100.0 ; 100.0 ; 100.0 ; 93.8
台肥,1722,1,100.0,100.0
台苯,1310,4,46.74,3.23 ; 68.88 ; 100.0 ; 14.86
台虹,8039,3,63.67,37.93 ; 75.8 ; 77.27
台蠟,1742,2,74.64,99.67 ; 49.6
台表科,6278,2,46.25,62.5 ; 30.0
台通,8011,2,70.8,100.0 ; 41.6
台郡,6269,14,51.71,8.75 ; 7.66 ; 63.48 ; 65.03 ; 45.51 ; 100.0 ; 18.08 ; 100.0 ; 50.12 ; 0.0 ; 0.0 ; 65.35 ; 100.0 ; 100.0
台開,2841,33,65.38,100.0 ; 100.0 ; 0.0 ; 100.0 ; 50.0 ; 100.0 ; 100.0 ; 6.06 ; 17.26 ; 37.17 ; 40.28 ; 44.0 ; 44.89 ; 94.27 ; 68.37 ; 12.48 ; 67.0 ; 40.0 ; 32.36 ; 70.19 ; 59.31 ; 57.75 ; 100.0 ; 100.0 ; 68.5 ; 100.0 ; 100.0 ; 100.0 ; 100.0 ; 75.15 ; 52.47 ; 69.7 ; 50.32
台驊投控,2636,8,33.7,63.95 ; 29.05 ; 25.4 ; 4.4 ; 23.76 ; 39.4 ; 68.05 ; 15.56
合勤控,3704,12,56.93,0.0 ; 72.35 ; 47.59 ; 100.0 ; 25.59 ; 21.01 ; 62.55 ; 39.38 ; 100.0 ; 100.0 ; 14.68 ; 100.0
合富-KY,4745,1,100.0,100.0
合庫金,5880,1,0.0,0.0
合晶,6182,4,39.44,100.0 ; 11.67 ; 46.07 ; 0.0
合正,5381,2,52.5,5.0 ; 100.0
合邦,6103,3,83.0,100.0 ; 100.0 ; 48.99
合騏,8937,8,67.26,31.9 ; 100.0 ; 100.0 ; 95.0 ; 100.0 ; 3.33 ; 27.87 ; 80.0
吉茂,1587,5,94.12,70.59 ; 100.0 ; 100.0 ; 100.0 ; 100.0
同亨,5490,9,90.69,100.0 ; 100.0 ; 100.0 ; 99.87 ; 100.0 ; 86.33 ; 100.0 ; 30.0 ; 100.0
同協,5460,7,93.55,96.0 ; 100.0 ; 58.82 ; 100.0 ; 100.0 ; 100.0 ; 100.0
同欣電,6271,2,28.22,19.78 ; 36.67
同泰,3321,2,36.35,68.05 ; 4.65
同致,3552,2,58.95,55.4 ; 62.5
同開,3018,3,51.09,53.28 ; 100.0 ; 0.0
和勤,1586,13,56.17,8.83 ; 70.25 ; 16.9 ; 0.0 ; 100.0 ; 100.0 ; 0.0 ; 100.0 ; 100.0 ; 50.0 ; 78.3 ; 51.0 ; 54.9
和大,1536,3,40.08,100.0 ; 12.93 ; 7.32
和康生,1783,1,69.1,69.1
和成,1810,1,72.0,72.0
和桐,1714,10,71.66,78.3 ; 100.0 ; 100.0 ; 92.41 ; 82.23 ; 54.22 ; 81.25 ; 94.94 ; 1.45 ; 31.79
和椿,6215,1,100.0,100.0
和益,1709,1,0.0,0.0
和碩,4938,2,46.21,39.6 ; 52.82
和鑫,3049,3,26.19,43.96 ; 25.07 ; 9.54
品安,8088,4,41.86,46.95 ; 20.5 ; 0.0 ; 100.0
唐鋒,4609,5,81.87,29.5 ; 99.7 ; 100.0 ; 80.16 ; 100.0
商億-KY,8482,2,61.14,100.0 ; 22.27
啟碁,6285,3,76.28,28.83 ; 100.0 ; 100.0
喬山,1736,3,75.52,100.0 ; 100.0 ; 26.55
喬福,1540,5,7.35,0.0 ; 0.0 ; 0.0 ; 36.75 ; 0.0
喬鼎,3057,7,75.62,20.0 ; 100.0 ; 41.28 ; 68.05 ; 100.0 ; 100.0 ; 100.0
單井,3490,4,62.89,30.0 ; 31.56 ; 100.0 ; 90.0
嘉彰,4942,4,55.43,5.16 ; 20.68 ; 100.0 ; 95.88
嘉晶,3016,1,73.13,73.13
嘉泥,1103,9,46.82,100.0 ; 2.1 ; 86.6 ; 11.24 ; 66.23 ; 26.51 ; 8.19 ; 100.0 ; 20.5
嘉聯益,6153,3,62.71,55.46 ; 32.68 ; 100.0
嘉里大榮,2608,4,63.63,83.33 ; 33.4 ; 39.83 ; 97.97
固緯,2423,2,20.35,36.2 ; 4.5
國光生,4142,3,68.89,66.67 ; 40.0 ; 100.0
國喬,1312,2,59.48,100.0 ; 18.95
國巨,2327,16,56.61,100.0 ; 1.97 ; 59.66 ; 99.53 ; 38.3 ; 49.37 ; 87.23 ; 19.9 ; 13.48 ; 13.52 ; 61.16 ; 11.31 ; 65.89 ; 100.0 ; 100.0 ; 84.44
國建,2501,4,40.15,55.33 ; 27.43 ; 70.27 ; 7.57
國泰金,2882,4,97.84,100.0 ; 91.35 ; 100.0 ; 100.0
國產,2504,9,38.36,28.82 ; 20.47 ; 2.5 ; 24.58 ; 26.72 ; 100.0 ; 50.0 ; 86.0 ; 6.19
國眾,5410,5,81.69,91.76 ; 82.98 ; 48.37 ; 100.0 ; 85.33
國碩,2406,1,50.0,50.0
國票金,2889,6,86.67,100.0 ; 100.0 ; 100.0 ; 100.0 ; 100.0 ; 20.0
國精化,4722,3,81.69,100.0 ; 69.65 ; 75.43
國統,8936,6,20.29,18.6 ; 42.0 ; 16.27 ; 22.5 ; 14.72 ; 7.64
國際中橡,2104,3,19.63,5.48 ; 3.95 ; 49.45
圓剛,2417,19,77.82,100.0 ; 34.94 ; 100.0 ; 90.16 ; 100.0 ; 100.0 ; 68.33 ; 92.76 ; 40.0 ; 100.0 ; 100.0 ; 100.0 ; 52.34 ; 33.05 ; 32.46 ; 81.7 ; 97.25 ; 95.55 ; 60.04
圓展,3669,3,43.99,0.8 ; 31.18 ; 100.0
均華,6640,3,100.0,100.0 ; 100.0 ; 100.0
均豪,5443,13,65.1,0.0 ; 20.7 ; 15.1 ; 100.0 ; 100.0 ; 97.7 ; 0.0 ; 100.0 ; 100.0 ; 12.8 ; 100.0 ; 100.0 ; 100.0
坤悅,5206,3,34.78,34.34 ; 20.0 ; 50.0
基勝-KY,8427,2,54.54,68.6 ; 40.48
基士德-KY,6641,1,50.0,50.0
基泰,2538,2,46.15,36.68 ; 55.62
堤維西,1522,5,39.62,61.03 ; 33.0 ; 18.59 ; 40.0 ; 45.47
增你強,3028,8,64.1,24.47 ; 100.0 ; 100.0 ; 38.3 ; 100.0 ; 50.0 ; 100.0 ; 0.0
士電,1503,1,1.77,1.77
夆典,3052,7,83.57,100.0 ; 100.0 ; 100.0 ; 100.0 ; 42.91 ; 42.08 ; 100.0
夠麻吉,8472,2,66.08,98.65 ; 33.5
大中,6435,1,51.67,51.67
大亞,1609,16,86.31,97.66 ; 100.0 ; 100.0 ; 99.45 ; 100.0 ; 85.56 ; 100.0 ; 62.18 ; 100.0 ; 14.11 ; 100.0 ; 83.48 ; 83.45 ; 100.0 ; 100.0 ; 55.0
大億金茂,8107,7,52.8,100.0 ; 100.0 ; 23.84 ; 30.4 ; 86.96 ; 18.93 ; 9.5
大台北,9908,7,73.92,17.44 ; 0.0 ; 100.0 ; 100.0 ; 100.0 ; 100.0 ; 100.0
大同,2371,2,5.26,9.76 ; 0.75
大國鋼,8415,4,42.49,59.02 ; 41.65 ; 41.33 ; 27.95
大地-KY,8437,1,32.17,32.17
大學光,3218,3,14.61,34.75 ; 6.23 ; 2.85
大宇,1445,9,83.32,87.75 ; 90.76 ; 100.0 ; 100.0 ; 100.0 ; 100.0 ; 51.4 ; 100.0 ; 20.01
大宇資,6111,5,46.89,60.7 ; 99.4 ; 16.5 ; 53.67 ; 4.17
大將,1453,1,51.87,51.87
大成,1210,3,100.0,100.0 ; 100.0 ; 100.0
大成鋼,2027,13,39.22,77.55 ; 83.17 ; 7.87 ; 55.58 ; 2.03 ; 19.33 ; 100.0 ; 52.14 ; 51.5 ; 26.98 ; 33.56 ; 0.0 ; 0.12
大東,1441,3,96.69,100.0 ; 92.38 ; 97.7
大毅,2478,15,79.43,100.0 ; 100.0 ; 47.27 ; 100.0 ; 17.44 ; 100.0 ; 100.0 ; 65.64 ; 55.8 ; 100.0 ; 100.0 ; 82.8 ; 41.02 ; 100.0 ; 81.42
大江,8436,2,66.94,100.0 ; 33.87
大洋-KY,5907,6,54.18,33.33 ; 75.05 ; 50.75 ; 56.8 ; 47.45 ; 61.7
大田,8924,1,100.0,100.0
大甲,2221,2,50.76,62.33 ; 39.2
大略-KY,4804,1,96.47,96.47
大立,4716,4,77.64,100.0 ; 89.7 ; 59.13 ; 61.74
大立光,3008,1,50.07,50.07
大聯大,3702,3,100.0,100.0 ; 100.0 ; 100.0
大華,9905,2,31.4,30.1 ; 32.71
大魯閣,1432,3,53.79,100.0 ; 53.33 ; 8.05
天剛,5310,4,64.8,66.67 ; 39.63 ; 52.89 ; 100.0
天品,6199,8,59.33,100.0 ; 8.25 ; 35.19 ; 34.71 ; 100.0 ; 100.0 ; 1.13 ; 95.4
天宇,8171,3,31.16,30.45 ; 37.35 ; 25.67
天方能源,3073,3,74.6,99.65 ; 100.0 ; 24.15
天瀚,6225,3,100.0,100.0 ; 100.0 ; 100.0
天鈺,4961,1,7.38,7.38
天鉞電,5251,2,77.09,100.0 ; 54.17
太子,2511,5,53.55,4.17 ; 23.45 ; 54.33 ; 95.29 ; 90.52
太普高,3284,5,82.2,11.0 ; 100.0 ; 100.0 ; 100.0 ; 100.0
太欣,5302,9,65.4,46.5 ; 100.0 ; 33.54 ; 12.18 ; 100.0 ; 100.0 ; 100.0 ; 70.0 ; 26.42
太空梭,2440,1,100.0,100.0
太設,2506,3,67.13,1.4 ; 100.0 ; 100.0
太醫,4126,1,100.0,100.0
奇偶,3356,1,100.0,100.0
奇力新,2456,3,88.63,75.48 ; 90.4 ; 100.0
奇鋐,3017,2,85.17,100.0 ; 70.34
好德,3114,4,48.56,1.07 ; 38.27 ; 54.9 ; 100.0
好樂迪,9943,1,1.14,1.14
如興,4414,12,75.05,23.7 ; 32.0 ; 100.0 ; 100.0 ; 100.0 ; 100.0 ; 100.0 ; 84.22 ; 99.0 ; 100.0 ; 50.39 ; 11.32
威健,3033,4,94.06,100.0 ; 100.0 ; 100.0 ; 76.24
威剛,3260,10,83.32,100.0 ; 62.57 ; 100.0 ; 100.0 ; 100.0 ; 64.46 ; 21.47 ; 100.0 ; 93.72 ; 91.02
威強電,3022,8,55.48,86.57 ; 63.67 ; 7.11 ; 11.27 ; 100.0 ; 6.0 ; 100.0 ; 69.2
威潤,6465,4,98.75,100.0 ; 100.0 ; 95.0 ; 100.0
威盛,2388,4,66.51,53.27 ; 83.36 ; 78.79 ; 50.6
威致,2028,2,75.12,100.0 ; 50.25
宇峻,3546,3,54.32,50.7 ; 50.6 ; 61.67
宇智,6470,1,12.63,12.63
宇環,3276,1,35.4,35.4
宇瞻,8271,4,36.46,31.88 ; 100.0 ; 13.95 ; 0.0
宇隆,2233,1,3.64,3.64
安力-KY,5223,1,2.56,2.56
安勤,3479,1,10.47,10.47
安國,8054,7,71.07,50.05 ; 21.77 ; 72.63 ; 66.53 ; 100.0 ; 86.6 ; 99.94
安心,1259,1,12.04,12.04
安普新,6743,1,50.0,50.0
安泰銀,2849,3,30.5,23.29 ; 40.38 ; 27.84
安瑞-KY,3664,6,73.67,100.0 ; 39.69 ; 100.0 ; 100.0 ; 52.32 ; 50.0
安碁,6174,1,40.0,40.0
安鈦克,6276,3,68.51,88.0 ; 97.53 ; 20.0
安馳,3528,1,75.0,75.0
宏佳騰,1599,5,56.12,7.06 ; 56.8 ; 52.0 ; 64.73 ; 100.0
宏全,9939,3,73.54,74.36 ; 95.33 ; 50.93
宏和,1446,4,11.4,0.0 ; 0.0 ; 45.6 ; 0.0
宏大,8932,1,100.0,100.0
宏捷科,8086,1,64.0,64.0
宏普,2536,1,21.47,21.47
宏正,6277,3,78.16,100.0 ; 34.47 ; 100.0
宏泰,1612,5,56.91,38.87 ; 45.57 ; 62.28 ; 57.12 ; 80.71
宏璟,2527,2,27.52,46.85 ; 8.18
宏益,1452,6,100.0,100.0 ; 100.0 ; 100.0 ; 100.0 ; 100.0 ; 100.0
宏盛,2534,4,35.2,15.71 ; 91.61 ; 10.15 ; 23.32
宏碁,2353,16,82.07,100.0 ; 100.0 ; 100.0 ; 100.0 ; 100.0 ; 100.0 ; 48.43 ; 100.0 ; 100.0 ; 100.0 ; 100.0 ; 53.0 ; 100.0 ; 100.0 ; 0.0 ; 11.77
宏致,3605,2,71.25,50.1 ; 92.4
宏觀,6568,2,34.0,0.0 ; 68.0
宏達電,2498,13,63.21,72.48 ; 100.0 ; 54.5 ; 100.0 ; 47.86 ; 100.0 ; 0.0 ; 100.0 ; 100.0 ; 69.14 ; 51.93 ; 8.22 ; 17.63
宏遠,1460,7,58.94,74.78 ; 51.64 ; 86.2 ; 77.74 ; 50.5 ; 26.13 ; 45.56
宏遠證,6015,24,68.87,0.33 ; 100.0 ; 63.89 ; 100.0 ; 79.72 ; 65.87 ; 62.67 ; 57.33 ; 100.0 ; 100.0 ; 17.68 ; 69.63 ; 75.0 ; 50.0 ; 50.0 ; 100.0 ; 100.0 ; 50.0 ; 100.0 ; 60.0 ; 100.0 ; 50.0 ; 54.0 ; 46.78
宏齊,6168,1,56.6,56.6
官田鋼,2017,4,26.61,51.46 ; 38.89 ; 1.5 ; 14.59
定穎,6251,3,76.67,30.0 ; 100.0 ; 100.0
宜特,3289,5,83.43,17.14 ; 100.0 ; 100.0 ; 100.0 ; 100.0
宜進,1457,5,77.57,100.0 ; 35.0 ; 93.62 ; 59.25 ; 100.0
客思達-KY,2936,1,100.0,100.0
宣德,5457,4,97.42,89.68 ; 100.0 ; 100.0 ; 100.0
家登,3680,3,32.45,13.3 ; 34.05 ; 50.0
富喬,1815,12,86.51,95.62 ; 100.0 ; 45.08 ; 62.18 ; 100.0 ; 35.2 ; 100.0 ; 100.0 ; 100.0 ; 100.0 ; 100.0 ; 100.0
富強鑫,6603,5,82.43,100.0 ; 100.0 ; 22.5 ; 91.37 ; 98.29
富旺,6219,3,61.27,93.86 ; 40.9 ; 49.06
富爾特,6136,3,88.97,100.0 ; 66.92 ; 100.0
富邦媒,8454,1,100.0,100.0
富邦金,2881,7,72.44,16.74 ; 90.24 ; 86.59 ; 100.0 ; 96.08 ; 17.41 ; 100.0
富驊,5465,2,100.0,100.0 ; 100.0
富鼎,8261,6,64.94,89.9 ; 100.0 ; 100.0 ; 68.86 ; 30.9 ; 0.0
寬魚國際,6101,2,99.5,100.0 ; 99.0
寶得利,5301,2,50.45,85.17 ; 15.73
寶成,9904,7,66.3,100.0 ; 63.0 ; 28.4 ; 86.6 ; 100.0 ; 55.0 ; 31.11
寶碩,5210,8,74.04,42.33 ; 42.0 ; 57.06 ; 100.0 ; 100.0 ; 100.0 ; 66.35 ; 84.56
尖點,8021,1,50.0,50.0
尚凡,5278,3,32.68,50.0 ; 0.4 ; 47.65
尚立,3360,5,55.04,35.85 ; 70.62 ; 85.63 ; 80.0 ; 3.1
尼克森,3317,1,27.53,27.53
居易,6216,1,100.0,100.0
展匯科,6594,2,71.7,43.4 ; 100.0
山林水,8473,1,100.0,100.0
山隆,2616,6,86.41,23.14 ; 95.9 ; 100.0 ; 100.0 ; 99.43 ; 100.0
岱宇,1598,5,74.98,100.0 ; 100.0 ; 34.78 ; 62.2 ; 77.93
岱稜,3303,15,78.11,50.05 ; 93.68 ; 76.95 ; 90.93 ; 79.17 ; 75.9 ; 75.73 ; 74.35 ; 32.0 ; 100.0 ; 100.0 ; 80.63 ; 89.35 ; 99.95 ; 52.9
岳豐,6220,12,69.46,100.0 ; 100.0 ; 33.53 ; 100.0 ; 98.68 ; 59.15 ; 61.15 ; 37.8 ; 82.25 ; 1.19 ; 59.74 ; 100.0
崇友,4506,10,81.09,29.48 ; 72.65 ; 84.62 ; 83.17 ; 100.0 ; 100.0 ; 100.0 ; 100.0 ; 54.07 ; 86.94
崧騰,3484,1,36.0,36.0
川寶,1595,1,22.2,22.2
州巧,3543,1,51.0,51.0
工信,5521,1,100.0,100.0
巨庭,1539,1,20.5,20.5
巨虹,8084,2,37.75,71.5 ; 4.0
巨路,6192,2,51.5,100.0 ; 3.0
帆宣,6196,1,53.64,53.64
幃翔,6185,4,36.79,100.0 ; 26.67 ; 20.5 ; 0.0
年興,1451,3,29.61,51.51 ; 36.38 ; 0.93
康友-KY,6452,1,58.6,58.6
康和證,6016,28,68.72,31.48 ; 9.41 ; 93.78 ; 100.0 ; 74.51 ; 100.0 ; 100.0 ; 73.0 ; 19.07 ; 100.0 ; 100.0 ; 100.0 ; 50.0 ; 45.48 ; 22.1 ; 14.3 ; 41.27 ; 53.08 ; 14.2 ; 45.0 ; 64.1 ; 100.0 ; 100.0 ; 83.33 ; 90.0 ; 100.0 ; 100.0 ; 100.0
康控-KY,4943,1,52.42,52.42
康普,4739,1,50.63,50.63
康樂-KY,4154,4,33.04,54.59 ; 40.1 ; 20.23 ; 17.24
康聯訊,3672,4,95.12,100.0 ; 100.0 ; 100.0 ; 80.5
康舒,6282,4,58.93,100.0 ; 91.2 ; 44.53 ; 0.0
康那香,9919,3,45.09,100.0 ; 35.08 ; 0.2
廣宇,2328,2,78.11,56.23 ; 100.0
廣明,6188,3,56.41,100.0 ; 12.89 ; 56.35
廣積,8050,25,72.29,57.0 ; 53.5 ; 14.31 ; 7.3 ; 100.0 ; 30.27 ; 26.4 ; 99.1 ; 57.25 ; 100.0 ; 100.0 ; 33.33 ; 91.6 ; 75.67 ; 100.0 ; 100.0 ; 100.0 ; 100.0 ; 100.0 ; 59.2 ; 25.75 ; 76.5 ; 99.95 ; 100.0 ; 100.0
廣穎,4973,2,48.68,51.51 ; 45.85
廣穎電通,4973,1,100.0,100.0
廣華-KY,1338,1,58.0,58.0
廣豐,1416,1,66.4,66.4
廣運,6125,17,76.06,72.53 ; 41.5 ; 42.1 ; 75.2 ; 100.0 ; 100.0 ; 36.0 ; 100.0 ; 100.0 ; 26.0 ; 100.0 ; 55.56 ; 94.1 ; 100.0 ; 50.0 ; 100.0 ; 100.0
廣達,2382,5,64.22,30.63 ; 52.26 ; 100.0 ; 99.43 ; 38.8
廣錠,6441,2,96.4,93.0 ; 99.8
廷鑫,2358,1,63.07,63.07
建國,5515,9,56.51,0.0 ; 50.0 ; 50.0 ; 100.0 ; 62.19 ; 72.0 ; 20.0 ; 100.0 ; 54.4
建暐,8092,1,46.8,46.8
建準,2421,7,50.64,59.63 ; 28.86 ; 75.0 ; 20.46 ; 75.55 ; 70.0 ; 25.0
建漢,3062,4,44.24,100.0 ; 14.66 ; 0.0 ; 62.28
建碁,3046,10,84.35,0.0 ; 43.53 ; 100.0 ; 100.0 ; 100.0 ; 100.0 ; 100.0 ; 100.0 ; 100.0 ; 100.0
建通,2460,4,85.79,100.0 ; 100.0 ; 64.09 ; 79.07
建達,6118,5,80.88,7.7 ; 100.0 ; 100.0 ; 96.7 ; 100.0
建錩,5014,1,53.5,53.5
弘帆,8433,1,33.07,33.07
弘煜科,6482,1,14.2,14.2
弘裕,1474,3,78.86,64.44 ; 77.82 ; 94.33
強盛,1463,4,49.88,47.41 ; 29.96 ; 45.31 ; 76.84
強茂,2481,13,75.2,10.55 ; 100.0 ; 100.0 ; 100.0 ; 100.0 ; 100.0 ; 100.0 ; 100.0 ; 30.0 ; 30.0 ; 100.0 ; 100.0 ; 7.0
彩富,5489,19,69.67,71.95 ; 100.0 ; 70.43 ; 0.0 ; 38.4 ; 100.0 ; 57.6 ; 68.4 ; 37.95 ; 50.0 ; 12.95 ; 100.0 ; 100.0 ; 67.56 ; 100.0 ; 81.95 ; 70.55 ; 96.0 ; 100.0
彩晶,6116,7,82.07,100.0 ; 29.64 ; 44.84 ; 100.0 ; 100.0 ; 100.0 ; 100.0
彰源,2030,17,52.57,20.04 ; 23.0 ; 85.45 ; 36.23 ; 22.53 ; 46.95 ; 27.8 ; 52.7 ; 59.2 ; 61.03 ; 49.33 ; 50.77 ; 55.63 ; 62.07 ; 40.9 ; 100.0 ; 100.0
律勝,3354,4,40.93,49.25 ; 76.3 ; 37.1 ; 1.05
得力,1464,10,63.7,33.3 ; 53.07 ; 100.0 ; 100.0 ; 86.29 ; 48.05 ; 100.0 ; 0.0 ; 54.49 ; 61.84
御頂,3522,5,43.86,89.1 ; 15.9 ; 34.2 ; 5.0 ; 75.1
微星,2377,6,98.42,92.28 ; 100.0 ; 100.0 ; 98.25 ; 100.0 ; 100.0
微端,3285,1,68.7,68.7
德勝,8048,9,27.32,49.5 ; 35.85 ; 33.8 ; 3.75 ; 10.95 ; 18.7 ; 20.73 ; 62.88 ; 9.75
德宏,5475,5,34.75,0.0 ; 40.44 ; 29.39 ; 54.78 ; 49.12
德律,3030,2,17.93,35.87 ; 0.0
德淵,4720,1,27.0,27.0
德記,5902,4,13.84,17.94 ; 23.53 ; 8.75 ; 5.15
德麥,1264,1,1.2,1.2
必應,6625,1,79.13,79.13
志信,2611,14,82.84,89.8 ; 100.0 ; 100.0 ; 94.25 ; 100.0 ; 100.0 ; 100.0 ; 100.0 ; 4.0 ; 100.0 ; 13.0 ; 100.0 ; 100.0 ; 58.7
志聖,2467,9,65.44,7.3 ; 87.9 ; 100.0 ; 61.4 ; 89.1 ; 100.0 ; 11.37 ; 60.37 ; 71.5
志聯,2024,5,75.78,25.45 ; 53.43 ; 100.0 ; 100.0 ; 100.0
志豐,3206,4,62.5,100.0 ; 50.0 ; 100.0 ; 0.0
志超,8213,6,89.62,37.71 ; 100.0 ; 100.0 ; 100.0 ; 100.0 ; 100.0
怡利電,2497,1,71.6,71.6
恆大,1325,2,6.47,5.9 ; 7.04
恒耀國際,8349,4,54.37,10.93 ; 100.0 ; 96.57 ; 9.98
恩德,1528,14,71.93,50.0 ; 100.0 ; 100.0 ; 100.0 ; 100.0 ; 100.0 ; 100.0 ; 100.0 ; 17.4 ; 30.0 ; 1.7 ; 7.86 ; 100.0 ; 100.0
愛之味,1217,1,69.89,69.89
愛地雅,8933,4,77.55,100.0 ; 100.0 ; 100.0 ; 10.2
愛山林,2540,2,11.84,12.99 ; 10.7
愛普,6531,2,58.6,17.2 ; 100.0
慕康生醫,5398,2,15.99,7.73 ; 24.25
慧友,5484,3,100.0,100.0 ; 100.0 ; 100.0
慶豐富,9935,2,64.38,28.76 ; 100.0
慶騰,4534,4,51.94,50.0 ; 48.37 ; 16.9 ; 92.5
憶聲,3024,14,81.56,100.0 ; 0.0 ; 80.86 ; 98.8 ; 65.9 ; 39.73 ; 100.0 ; 100.0 ; 56.49 ; 100.0 ; 100.0 ; 100.0 ; 100.0 ; 100.0
應華,5392,2,75.12,100.0 ; 50.25
成霖,9934,8,72.41,87.75 ; 78.45 ; 93.12 ; 68.43 ; 18.17 ; 74.44 ; 58.92 ; 100.0
所羅門,2359,5,25.02,5.55 ; 14.15 ; 75.57 ; 20.37 ; 9.46
承啟,2425,7,68.56,100.0 ; 66.67 ; 40.0 ; 100.0 ; 2.33 ; 70.94 ; 100.0
承業醫,4164,1,100.0,100.0
技嘉,2376,11,61.92,38.67 ; 7.55 ; 2.76 ; 100.0 ; 99.8 ; 5.0 ; 100.0 ; 39.58 ; 100.0 ; 87.8 ; 100.0
振曜,6143,8,54.33,97.31 ; 100.0 ; 31.64 ; 78.56 ; 65.18 ; 0.0 ; 13.7 ; 48.27
振樺電,8114,3,49.7,100.0 ; 49.1 ; 0.0
振發,5426,9,47.85,47.95 ; 84.47 ; 7.52 ; 42.68 ; 63.97 ; 5.0 ; 29.02 ; 100.0 ; 50.0
捷必勝-KY,8418,1,100.0,100.0
捷波,6161,11,90.17,100.0 ; 50.0 ; 99.87 ; 81.07 ; 100.0 ; 100.0 ; 60.96 ; 100.0 ; 100.0 ; 100.0 ; 100.0
捷泰,6165,7,89.0,83.93 ; 100.0 ; 100.0 ; 100.0 ; 100.0 ; 100.0 ; 39.07
揚博,2493,5,81.6,100.0 ; 69.36 ; 100.0 ; 88.64 ; 50.0
揚明光,3504,1,15.1,15.1
揚智,3041,6,60.06,0.0 ; 38.08 ; 70.33 ; 100.0 ; 100.0 ; 51.95
撼訊,6150,4,23.08,31.52 ; 9.2 ; 50.47 ; 1.13
擎亞,8096,3,86.65,100.0 ; 59.95 ; 100.0
敦吉,2459,12,83.56,45.52 ; 100.0 ; 100.0 ; 100.0 ; 100.0 ; 100.0 ; 100.0 ; 100.0 ; 100.0 ; 72.0 ; 70.0 ; 15.25
敦泰,3545,6,80.2,0.0 ; 100.0 ; 85.1 ; 100.0 ; 96.11 ; 100.0
敦陽科,2480,1,24.28,24.28
敬鵬,2355,6,73.13,77.35 ; 0.0 ; 100.0 ; 61.42 ; 100.0 ; 100.0
文曄,3036,11,40.93,15.3 ; 100.0 ; 0.0 ; 72.32 ; 28.17 ; 100.0 ; 42.95 ; 7.86 ; 0.0 ; 71.2 ; 12.47
斐成,3313,2,53.58,100.0 ; 7.17
新世紀,3383,7,65.77,22.86 ; 62.16 ; 72.6 ; 100.0 ; 100.0 ; 97.85 ; 4.91
新保,9925,5,87.36,100.0 ; 43.83 ; 100.0 ; 92.96 ; 100.0
新光金,2888,6,73.54,100.0 ; 52.43 ; 57.39 ; 100.0 ; 31.4 ; 100.0
新光鋼,2031,9,73.7,88.05 ; 94.4 ; 74.05 ; 92.83 ; 100.0 ; 50.0 ; 50.0 ; 64.0 ; 50.0
新巨,2420,5,67.01,67.2 ; 66.67 ; 100.0 ; 91.83 ; 9.37
新建,2516,6,74.85,16.82 ; 98.28 ; 100.0 ; 100.0 ; 33.98 ; 100.0
新復興,4909,1,80.0,80.0
新日興,3376,1,94.74,94.74
新洲,3171,10,75.21,20.0 ; 100.0 ; 100.0 ; 100.0 ; 100.0 ; 63.22 ; 100.0 ; 18.57 ; 50.3 ; 100.0
新海,9926,2,50.12,3.95 ; 96.3
新潤,6186,5,54.64,4.75 ; 100.0 ; 51.5 ; 61.75 ; 55.2
新產,2850,5,26.3,54.28 ; 61.19 ; 0.27 ; 14.77 ; 1.0
新纖,1409,12,61.01,43.13 ; 35.45 ; 3.16 ; 100.0 ; 83.62 ; 10.45 ; 100.0 ; 69.31 ; 91.96 ; 98.92 ; 60.21 ; 35.9
新美齊,2442,2,52.72,14.6 ; 90.83
新至陞,3679,3,76.08,96.2 ; 89.9 ; 42.15
新興,2605,3,100.0,100.0 ; 100.0 ; 100.0
新華,5481,5,74.54,100.0 ; 51.76 ; 95.13 ; 25.82 ; 100.0
新鉅科,3630,2,4.93,9.87 ; 0.0
新零售,3085,3,94.61,99.42 ; 84.42 ; 100.0
新麗,9944,1,70.08,70.08
新鼎,5209,1,46.5,46.5
方土昶,6265,2,59.28,100.0 ; 18.57
方土霖,4527,1,98.86,98.86
日勝化,1735,2,100.0,100.0 ; 100.0
日勝生,2547,5,60.64,36.98 ; 94.54 ; 10.6 ; 61.07 ; 100.0
日揚,6208,3,66.67,100.0 ; 100.0 ; 0.0
日月光投控,3711,1,100.0,100.0
日盛金,5820,6,100.0,100.0 ; 100.0 ; 100.0 ; 100.0 ; 100.0 ; 100.0
日電貿,3090,5,58.01,100.0 ; 63.4 ; 20.0 ; 56.67 ; 50.0
旭品,3325,4,61.2,100.0 ; 10.4 ; 84.4 ; 50.0
旭暉應材,6698,1,60.2,60.2
旺宏,2337,2,50.7,100.0 ; 1.41
旺旺保,2816,19,68.15,0.0 ; 44.43 ; 29.45 ; 61.91 ; 88.97 ; 83.31 ; 44.66 ; 71.51 ; 88.97 ; 100.0 ; 73.6 ; 93.3 ; 49.53 ; 50.07 ; 28.17 ; 100.0 ; 100.0 ; 88.0 ; 98.9
旺玖,6233,14,46.08,27.28 ; 44.95 ; 97.92 ; 45.87 ; 79.93 ; 6.16 ; 0.0 ; 100.0 ; 14.79 ; 10.77 ; 39.97 ; 41.4 ; 44.12 ; 91.97
旺矽,6223,3,86.67,100.0 ; 100.0 ; 60.0
昆盈,2365,32,81.6,43.02 ; 97.32 ; 100.0 ; 100.0 ; 100.0 ; 56.0 ; 76.0 ; 100.0 ; 20.5 ; 42.37 ; 86.12 ; 100.0 ; 63.17 ; 1.2 ; 100.0 ; 100.0 ; 100.0 ; 52.86 ; 100.0 ; 62.5 ; 100.0 ; 100.0 ; 100.0 ; 100.0 ; 100.0 ; 100.0 ; 100.0 ; 100.0 ; 100.0 ; 50.1 ; 100.0 ; 60.0
昇益,5455,4,85.1,100.0 ; 100.0 ; 40.38 ; 100.0
昇貿,3305,7,43.89,38.08 ; 31.76 ; 58.9 ; 62.27 ; 42.83 ; 19.63 ; 53.73
昇銳,3128,3,50.1,0.0 ; 50.3 ; 100.0
明安,8938,4,39.86,53.5 ; 23.3 ; 32.23 ; 50.43
明泰,3380,10,48.2,14.48 ; 17.49 ; 0.0 ; 22.14 ; 100.0 ; 80.53 ; 93.83 ; 52.17 ; 100.0 ; 1.4
明達醫,6527,1,41.2,41.2
易發,6425,1,53.6,53.6
星通,3025,6,79.76,84.15 ; 100.0 ; 17.9 ; 97.9 ; 100.0 ; 78.6
映興,3597,1,12.29,12.29
春雨,2012,2,0.0,0.0 ; 0.0
昭輝,1339,2,18.62,35.74 ; 1.5
昱泉,6169,6,30.99,99.48 ; 38.48 ; 11.23 ; 11.63 ; 14.03 ; 11.07
時碩工業,4566,1,12.35,12.35
晉倫,6151,4,100.0,100.0 ; 100.0 ; 100.0 ; 100.0
晉椿,2064,2,76.43,100.0 ; 52.86
晉泰,6221,6,93.92,97.91 ; 76.95 ; 99.78 ; 100.0 ; 100.0 ; 88.9
晟德,4123,2,52.0,100.0 ; 4.0
晟楠,3631,1,100.0,100.0
晟田,4541,2,55.46,58.6 ; 52.31
晟鈦,3229,2,71.95,43.9 ; 100.0
晟銘電,3013,15,91.92,100.0 ; 100.0 ; 100.0 ; 100.0 ; 100.0 ; 100.0 ; 100.0 ; 58.2 ; 100.0 ; 20.65 ; 100.0 ; 100.0 ; 100.0 ; 100.0 ; 100.0
普安,2495,11,60.11,73.6 ; 11.32 ; 99.54 ; 100.0 ; 36.63 ; 56.5 ; 63.68 ; 58.52 ; 3.53 ; 100.0 ; 57.87
普萊德,6263,1,62.0,62.0
普誠,6129,2,94.26,88.53 ; 100.0
景岳,3164,4,48.47,73.3 ; 48.65 ; 21.72 ; 50.23
景碩,3189,2,5.5,0.0 ; 11.0
晶宏,3141,4,57.42,26.0 ; 83.6 ; 66.95 ; 53.15
晶技,3042,3,99.99,100.0 ; 99.97 ; 100.0
晶相光,3530,1,100.0,100.0
晶睿,3454,3,78.05,34.15 ; 100.0 ; 100.0
晶華,2707,1,0.0,0.0
晶采,8049,11,74.2,61.55 ; 99.15 ; 45.3 ; 44.67 ; 100.0 ; 100.0 ; 100.0 ; 100.0 ; 100.0 ; 65.54 ; 0.0
智伸科,4551,1,21.32,21.32
智冠,5478,9,58.94,27.13 ; 71.46 ; 72.92 ; 100.0 ; 23.92 ; 78.7 ; 68.7 ; 50.2 ; 37.4
智原,3035,6,57.87,52.6 ; 69.6 ; 25.0 ; 100.0 ; 0.0 ; 100.0
智基,6294,2,100.0,100.0 ; 100.0
智崴,5263,1,100.0,100.0
智捷,8176,2,76.64,100.0 ; 53.27
智擎,4162,5,62.2,27.0 ; 100.0 ; 80.5 ; 3.5 ; 100.0
智晶,5245,5,84.72,100.0 ; 70.0 ; 100.0 ; 53.6 ; 100.0
智邦,2345,11,49.06,16.6 ; 59.95 ; 58.03 ; 100.0 ; 4.59 ; 46.81 ; 100.0 ; 1.89 ; 85.5 ; 38.58 ; 27.7
曜越,3540,3,57.64,93.17 ; 5.82 ; 73.93
朋程,8255,1,75.0,75.0
李洲,3066,3,82.61,100.0 ; 47.82 ; 100.0
材料-KY,4763,3,57.36,51.3 ; 57.1 ; 63.67
杭特,3297,2,49.75,60.0 ; 39.5
東元,1504,16,84.63,5.0 ; 45.07 ; 100.0 ; 90.27 ; 100.0 ; 100.0 ; 100.0 ; 89.83 ; 100.0 ; 100.0 ; 100.0 ; 23.94 ; 100.0 ; 100.0 ; 100.0 ; 100.0
東凌-KY,2924,2,100.0,100.0 ; 100.0
東友,5438,4,94.13,76.51 ; 100.0 ; 100.0 ; 100.0
東台,4526,3,63.28,62.6 ; 27.25 ; 100.0
東和鋼鐵,2006,14,89.08,94.34 ; 74.28 ; 100.0 ; 28.52 ; 100.0 ; 100.0 ; 100.0 ; 100.0 ; 78.89 ; 100.0 ; 83.13 ; 88.0 ; 100.0 ; 100.0
東哥遊艇,8478,4,69.79,66.4 ; 70.23 ; 42.52 ; 100.0
東林,3609,2,50.35,96.1 ; 4.6
東森,2614,2,26.02,5.02 ; 47.03
東泥,1110,3,41.89,32.53 ; 73.14 ; 20.0
東洋,4105,1,90.63,90.63
東碩,3272,4,40.22,0.0 ; 12.5 ; 98.4 ; 50.0
東科-KY,5225,1,20.0,20.0
東聯,1710,3,63.9,20.4 ; 97.8 ; 73.49
東訊,2321,1,42.89,42.89
東陽,1319,3,94.67,100.0 ; 87.45 ; 96.56
東鹼,1708,3,78.88,36.63 ; 100.0 ; 100.0
松上,6156,4,36.47,30.6 ; 3.33 ; 28.4 ; 83.57
松崗,6240,3,9.92,3.4 ; 14.8 ; 11.55
松翰,5471,1,25.5,25.5
柏承,6141,22,80.94,2.8 ; 24.2 ; 100.0 ; 100.0 ; 100.0 ; 87.48 ; 100.0 ; 100.0 ; 100.0 ; 100.0 ; 100.0 ; 50.65 ; 100.0 ; 82.13 ; 77.27 ; 81.73 ; 75.0 ; 100.0 ; 80.0 ; 52.5 ; 100.0 ; 66.9
柏文,8462,2,0.5,0.0 ; 1.0
柏騰,3518,7,61.22,29.67 ; 100.0 ; 35.17 ; 10.0 ; 100.0 ; 100.0 ; 53.67
根基,2546,3,73.26,19.77 ; 100.0 ; 100.0
桓達,4549,1,100.0,100.0
森寶,3489,1,53.4,53.4
森鉅,8942,7,49.38,66.45 ; 69.4 ; 45.0 ; 42.05 ; 23.33 ; 61.24 ; 38.22
楠梓電,2316,14,76.95,24.7 ; 43.52 ; 39.75 ; 100.0 ; 100.0 ; 100.0 ; 100.0 ; 100.0 ; 100.0 ; 69.87 ; 100.0 ; 33.87 ; 91.03 ; 74.61
業強,6124,1,100.0,100.0
榮剛,5009,4,70.4,100.0 ; 18.31 ; 100.0 ; 63.29
榮創,3437,1,100.0,100.0
榮成,1909,22,82.39,100.0 ; 91.89 ; 100.0 ; 100.0 ; 100.0 ; 64.47 ; 81.48 ; 100.0 ; 12.5 ; 96.3 ; 100.0 ; 100.0 ; 100.0 ; 100.0 ; 100.0 ; 100.0 ; 10.65 ; 100.0 ; 21.42 ; 100.0 ; 100.0 ; 33.97
榮昌,3684,2,56.7,54.0 ; 59.4
榮星,1617,3,54.93,9.28 ; 55.5 ; 100.0
榮群,8034,5,73.03,40.09 ; 100.0 ; 100.0 ; 76.93 ; 48.15
樂士,1529,1,14.65,14.65
樺晟,3202,5,89.49,100.0 ; 78.25 ; 69.2 ; 100.0 ; 100.0
樺漢,6414,1,66.67,66.67
橋椿,2062,2,86.02,72.26 ; 99.77
橘子,6180,12,61.73,100.0 ; 96.2 ; 21.44 ; 11.54 ; 100.0 ; 88.4 ; 100.0 ; 83.93 ; 62.49 ; 2.03 ; 0.0 ; 74.7
欣厚-KY,4924,1,100.0,100.0
欣大健康,4198,1,92.0,92.0
欣技,6160,3,74.87,100.0 ; 84.1 ; 40.5
欣興,3037,8,65.13,53.11 ; 51.5 ; 58.67 ; 20.61 ; 58.92 ; 100.0 ; 80.0 ; 98.2
欣陸,3703,2,100.0,100.0 ; 100.0
欣高,9931,1,0.0,0.0
歐格,3002,2,100.0,100.0 ; 100.0
正峰,1538,7,61.79,71.27 ; 42.33 ; 98.73 ; 7.06 ; 100.0 ; 100.0 ; 13.14
正文,4906,10,61.54,60.1 ; 100.0 ; 100.0 ; 73.93 ; 89.01 ; 17.18 ; 93.06 ; 13.89 ; 16.47 ; 51.71
正隆,1904,8,48.74,53.58 ; 100.0 ; 45.0 ; 45.64 ; 100.0 ; 41.11 ; 4.58 ; 0.0
毅嘉,2402,9,80.8,99.0 ; 81.2 ; 52.2 ; 100.0 ; 46.07 ; 100.0 ; 83.83 ; 64.87 ; 100.0
永信建,5508,4,93.92,100.0 ; 100.0 ; 100.0 ; 75.67
永光,1711,4,95.0,100.0 ; 100.0 ; 80.0 ; 100.0
永冠-KY,1589,2,100.0,100.0 ; 100.0
永利聯合,8080,2,4.48,8.9 ; 0.05
永捷,4714,1,48.63,48.63
永新-KY,4557,1,40.28,40.28
永昕,4726,1,100.0,100.0
永裕,1323,1,99.1,99.1
永豐金,2890,5,85.41,39.3 ; 100.0 ; 100.0 ; 100.0 ; 87.74
沈氏,8921,5,19.48,0.0 ; 13.4 ; 5.02 ; 33.83 ; 45.17
沛亨,6291,4,96.72,100.0 ; 86.88 ; 100.0 ; 100.0
沛波,6248,12,87.23,100.0 ; 100.0 ; 19.3 ; 30.5 ; 97.0 ; 100.0 ; 100.0 ; 100.0 ; 100.0 ; 100.0 ; 100.0 ; 100.0
波力-KY,8467,2,94.2,88.4 ; 100.0
波若威,3163,2,81.52,63.03 ; 100.0
泰偉,3064,3,77.29,100.0 ; 31.88 ; 100.0
泰博,4736,1,70.2,70.2
泰碩,3338,3,56.04,86.0 ; 7.12 ; 75.0
泰藝,8289,2,69.6,39.2 ; 100.0
泰詠,6266,2,100.0,100.0 ; 100.0
泰谷,3339,2,95.66,91.32 ; 100.0
泰豐,2102,1,0.87,0.87
浩鑫,2405,13,82.09,72.2 ; 73.67 ; 66.0 ; 100.0 ; 100.0 ; 100.0 ; 100.0 ; 100.0 ; 20.27 ; 100.0 ; 35.0 ; 100.0 ; 100.0
浩鼎,4174,1,28.73,28.73
海光,2038,1,93.44,93.44
海灣,3252,3,27.37,31.6 ; 43.0 ; 7.5
海韻電,6203,1,79.62,79.62
淘帝-KY,2929,2,51.58,52.45 ; 50.7
淳安,6283,10,67.1,50.0 ; 40.0 ; 81.25 ; 100.0 ; 97.27 ; 50.0 ; 50.0 ; 35.0 ; 80.0 ; 87.5
湯石照明,4972,3,100.0,100.0 ; 100.0 ; 100.0
漢來美食,1268,2,100.0,100.0 ; 100.0
漢唐,2404,7,65.07,100.0 ; 60.67 ; 100.0 ; 44.36 ; 8.38 ; 42.07 ; 100.0
漢平,2488,5,53.93,33.33 ; 100.0 ; 13.38 ; 74.53 ; 48.4
漢磊,3707,2,6.48,0.17 ; 12.79
漢科,3402,4,37.35,25.6 ; 17.51 ; 55.88 ; 50.4
潤泰新,9945,1,36.5,36.5
濟生,4111,1,100.0,100.0
濱川,1569,2,100.0,100.0 ; 100.0
瀚宇博,5469,7,66.46,32.5 ; 60.02 ; 50.0 ; 22.7 ; 100.0 ; 100.0 ; 100.0
瀚荃,8103,4,86.01,82.9 ; 100.0 ; 100.0 ; 61.15
炎洲,4306,14,58.47,26.9 ; 83.87 ; 47.13 ; 73.18 ; 72.4 ; 44.43 ; 6.66 ; 2.66 ; 24.5 ; 85.8 ; 100.0 ; 93.8 ; 86.99 ; 70.22
為升,2231,1,67.22,67.22
無敵,8201,2,100.0,100.0 ; 100.0
熒茂,4729,2,16.71,15.8 ; 17.62
燁輝,2023,8,66.35,30.33 ; 100.0 ; 100.0 ; 100.0 ; 100.0 ; 30.41 ; 47.29 ; 22.76
燦坤,2430,3,100.0,100.0 ; 100.0 ; 100.0
燦星旅,2719,1,35.63,35.63
燿華,2367,15,59.13,12.5 ; 93.1 ; 100.0 ; 12.52 ; 62.64 ; 85.06 ; 41.21 ; 63.88 ; 28.0 ; 72.36 ; 26.75 ; 63.89 ; 65.53 ; 100.0 ; 59.47
牧東,4950,9,85.02,88.2 ; 96.74 ; 89.92 ; 100.0 ; 100.0 ; 100.0 ; 100.0 ; 37.31 ; 53.03
特力,2908,15,73.05,0.0 ; 81.66 ; 0.0 ; 100.0 ; 100.0 ; 100.0 ; 100.0 ; 100.0 ; 78.27 ; 100.0 ; 100.0 ; 60.0 ; 79.12 ; 46.36 ; 50.35
玉山金,2884,2,43.28,52.5 ; 34.06
王品,2727,3,68.33,96.7 ; 53.22 ; 55.06
王道銀行,2897,1,16.39,16.39
琉園,9949,5,100.0,100.0 ; 100.0 ; 100.0 ; 100.0 ; 100.0
瑞儀,6176,1,5.83,5.83
瑞昱,2379,4,62.94,33.45 ; 100.0 ; 86.67 ; 31.65
瑞智,4532,9,40.83,21.86 ; 78.6 ; 8.14 ; 49.92 ; 48.53 ; 9.12 ; 50.88 ; 0.4 ; 100.0
瑞祺電通,6416,1,50.25,50.25
瑞穎,8083,1,100.0,100.0
瑞軒,2489,11,70.66,11.8 ; 80.0 ; 91.0 ; 14.47 ; 20.0 ; 100.0 ; 100.0 ; 100.0 ; 60.0 ; 100.0 ; 100.0
環天科,3499,3,64.21,58.3 ; 36.8 ; 97.53
環宇-KY,4991,3,69.49,8.47 ; 100.0 ; 100.0
環泥,1104,8,30.9,73.69 ; 89.75 ; 0.0 ; 39.64 ; 27.62 ; 0.0 ; 16.46 ; 0.0
環泰,4207,9,49.12,18.3 ; 46.14 ; 49.5 ; 38.0 ; 56.58 ; 34.65 ; 58.89 ; 49.72 ; 90.32
環球晶,6488,1,50.33,50.33
環科,2413,9,62.54,4.0 ; 100.0 ; 100.0 ; 55.36 ; 33.73 ; 100.0 ; 79.75 ; 63.1 ; 26.9
瓦城,2729,1,74.6,74.6
生華科,6492,2,30.9,10.0 ; 51.8
生達,1720,4,48.67,16.67 ; 100.0 ; 27.2 ; 50.8
由田,3455,1,53.93,53.93
白紗科,8401,2,54.06,18.53 ; 89.6
百一,6152,2,100.0,100.0 ; 100.0
百和,9938,3,53.14,59.43 ; 0.0 ; 100.0
百和興業-KY,8404,2,100.0,100.0 ; 100.0
百容,2483,13,46.2,59.5 ; 15.4 ; 16.93 ; 69.98 ; 12.6 ; 61.9 ; 81.75 ; 72.15 ; 35.5 ; 54.4 ; 18.73 ; 50.95 ; 50.83
百徽,6259,2,83.38,66.77 ; 100.0
百達-KY,2236,2,89.75,79.5 ; 100.0
皇將,4744,2,90.9,85.87 ; 95.93
皇昌,2543,5,73.67,57.3 ; 71.35 ; 39.7 ; 100.0 ; 100.0
皇田,9951,1,54.0,54.0
皇翔,2545,2,55.88,99.82 ; 11.93
皇鼎,5533,4,55.86,100.0 ; 100.0 ; 16.0 ; 7.44
益安,6499,1,5.97,5.97
益登,3048,2,90.0,100.0 ; 80.0
益航,2601,5,76.18,80.0 ; 52.58 ; 64.13 ; 84.18 ; 100.0
盛弘,8403,1,99.4,99.4
盛達,3027,12,67.04,100.0 ; 68.0 ; 60.0 ; 57.33 ; 80.53 ; 50.0 ; 100.0 ; 70.0 ; 10.16 ; 100.0 ; 100.0 ; 8.4
盟立,2464,3,66.95,0.85 ; 100.0 ; 100.0
直得,1597,2,54.45,100.0 ; 8.9
眾達-KY,4977,4,63.42,100.0 ; 54.93 ; 46.5 ; 52.25
矽創,8016,2,50.0,100.0 ; 0.0
矽格,6257,10,54.96,40.6 ; 100.0 ; 0.0 ; 50.8 ; 20.0 ; 55.83 ; 100.0 ; 15.7 ; 100.0 ; 66.67
矽統,2363,12,70.61,35.63 ; 100.0 ; 33.33 ; 37.5 ; 100.0 ; 50.0 ; 100.0 ; 43.52 ; 100.0 ; 47.33 ; 100.0 ; 100.0
研勤,3632,1,91.8,91.8
研華,2395,3,62.87,38.62 ; 100.0 ; 50.0
研通,6229,6,46.77,100.0 ; 43.83 ; 100.0 ; 24.38 ; 0.0 ; 12.42
碩天,3617,1,51.97,51.97
碩禾,3691,2,51.66,53.33 ; 50.0
磐亞,4707,16,57.97,19.35 ; 18.72 ; 100.0 ; 100.0 ; 19.95 ; 69.83 ; 27.45 ; 100.0 ; 100.0 ; 54.17 ; 78.75 ; 92.62 ; 88.0 ; 11.4 ; 26.38 ; 20.85
磐儀,3594,9,55.33,0.0 ; 62.73 ; 32.58 ; 37.9 ; 85.33 ; 66.1 ; 58.9 ; 92.8 ; 61.6
神基,3005,12,83.59,100.0 ; 100.0 ; 100.0 ; 30.08 ; 100.0 ; 100.0 ; 100.0 ; 34.0 ; 100.0 ; 100.0 ; 47.03 ; 91.96
神盾,6462,2,71.28,42.55 ; 100.0
神腦,2450,5,64.58,100.0 ; 13.05 ; 27.32 ; 82.53 ; 100.0
神達,3706,5,63.72,63.5 ; 100.0 ; 23.86 ; 90.0 ; 41.22
福壽,1219,2,18.12,32.6 ; 3.64
福大,4402,1,65.45,65.45
福懋油,1225,2,66.58,51.27 ; 81.88
福興,9924,3,62.93,100.0 ; 18.0 ; 70.78
福裕,4513,5,65.61,76.0 ; 56.3 ; 94.64 ; 69.1 ; 32.0
禾伸堂,3026,4,77.16,100.0 ; 100.0 ; 100.0 ; 8.63
禾昌,6158,8,60.3,6.85 ; 60.0 ; 23.68 ; 12.24 ; 99.6 ; 100.0 ; 80.0 ; 100.0
禾瑞亞,3556,1,35.33,35.33
禾聯碩,5283,1,100.0,100.0
秋雨,9929,5,70.1,100.0 ; 100.0 ; 100.0 ; 50.48 ; 0.0
科妍,1786,2,60.0,20.0 ; 100.0
科定,6655,2,95.56,100.0 ; 91.11
科嶠,4542,1,35.5,35.5
科懋,6496,1,40.9,40.9
科誠,4987,1,100.0,100.0
科際精密,4568,1,51.6,51.6
科風,3043,1,55.95,55.95
程泰,1583,2,73.18,82.47 ; 63.88
穩懋,3105,3,100.0,100.0 ; 100.0 ; 100.0
立康,6242,1,100.0,100.0
立德,3058,15,64.49,79.9 ; 97.8 ; 57.12 ; 100.0 ; 0.0 ; 94.6 ; 14.76 ; 37.43 ; 20.56 ; 38.65 ; 67.22 ; 71.7 ; 87.67 ; 100.0 ; 100.0
立敦,6175,6,71.91,41.11 ; 100.0 ; 100.0 ; 90.1 ; 94.1 ; 6.17
立碁,8111,15,58.08,49.8 ; 100.0 ; 100.0 ; 0.0 ; 100.0 ; 44.75 ; 17.43 ; 0.0 ; 56.97 ; 27.0 ; 57.1 ; 18.1 ; 100.0 ; 100.0 ; 100.0
立端,6245,5,34.49,47.57 ; 45.45 ; 24.0 ; 5.4 ; 50.05
立萬利,3054,4,89.5,100.0 ; 89.5 ; 99.48 ; 69.0
立衛,5344,1,100.0,100.0
立隆電,2472,11,68.19,0.0 ; 17.17 ; 100.0 ; 100.0 ; 100.0 ; 100.0 ; 100.0 ; 32.38 ; 100.0 ; 100.0 ; 0.5
笙泉,3122,1,100.0,100.0
笙科,5272,3,54.67,61.28 ; 50.07 ; 52.65
第一保,2852,6,88.89,100.0 ; 100.0 ; 100.0 ; 100.0 ; 100.0 ; 33.33
精元,2387,14,83.21,100.0 ; 100.0 ; 100.0 ; 9.53 ; 100.0 ; 50.0 ; 100.0 ; 100.0 ; 100.0 ; 100.0 ; 5.37 ; 100.0 ; 100.0 ; 100.0
精剛,1584,1,50.0,50.0
精成科,6191,12,86.6,67.45 ; 98.46 ; 30.0 ; 100.0 ; 100.0 ; 100.0 ; 100.0 ; 100.0 ; 43.33 ; 100.0 ; 100.0 ; 100.0
精技,2414,6,55.71,100.0 ; 15.0 ; 51.25 ; 31.88 ; 97.6 ; 38.55
精星,8183,7,79.82,50.18 ; 65.0 ; 96.23 ; 100.0 ; 47.33 ; 100.0 ; 100.0
精湛,2070,1,100.0,100.0
精聯,3652,1,50.4,50.4
精英,2331,3,86.82,67.88 ; 92.58 ; 100.0
精誠,6214,4,62.54,100.0 ; 60.84 ; 11.34 ; 78.0
系微,6231,1,50.6,50.6
紅木-KY,8426,1,75.0,75.0
統一,1216,6,17.36,1.69 ; 17.86 ; 6.89 ; 15.51 ; 19.71 ; 42.52
統一實,9907,3,85.33,55.98 ; 100.0 ; 100.0
統一證,2855,12,41.24,22.36 ; 6.99 ; 85.96 ; 0.35 ; 30.91 ; 11.42 ; 100.0 ; 100.0 ; 0.0 ; 48.31 ; 28.49 ; 60.13
統懋,2434,1,10.0,10.0
統振,6170,5,77.95,100.0 ; 9.4 ; 100.0 ; 100.0 ; 80.33
統新,6426,2,33.16,16.73 ; 49.6
綠河-KY,8444,3,92.02,100.0 ; 76.67 ; 99.4
網家,8044,4,65.12,89.46 ; 13.02 ; 82.0 ; 76.0
網龍,3083,9,86.08,100.0 ; 38.52 ; 69.33 ; 93.37 ; 100.0 ; 100.0 ; 100.0 ; 100.0 ; 73.5
緯創,3231,8,87.1,70.86 ; 100.0 ; 100.0 ; 87.37 ; 100.0 ; 100.0 ; 40.6 ; 97.95
緯軟,4953,2,58.14,52.4 ; 63.87
羅昇,8374,1,0.0,0.0
美亞,2020,23,89.36,93.48 ; 100.0 ; 100.0 ; 98.4 ; 100.0 ; 100.0 ; 100.0 ; 100.0 ; 10.18 ; 100.0 ; 100.0 ; 100.0 ; 100.0 ; 100.0 ; 100.0 ; 100.0 ; 33.33 ; 20.0 ; 100.0 ; 100.0 ; 100.0 ; 100.0 ; 100.0
美吉吉-KY,8466,1,50.67,50.67
美吾華,1731,1,2.36,2.36
美律,2439,2,62.6,100.0 ; 25.21
美時,1795,3,50.1,21.2 ; 29.1 ; 100.0
美隆電,2477,2,67.54,70.49 ; 64.58
群光,2385,11,78.38,88.91 ; 100.0 ; 73.5 ; 80.0 ; 56.0 ; 100.0 ; 100.0 ; 100.0 ; 100.0 ; 27.86 ; 35.91
群創,3481,3,93.44,100.0 ; 80.33 ; 100.0
群益證,6005,11,87.8,100.0 ; 93.21 ; 90.0 ; 40.05 ; 80.03 ; 82.5 ; 80.01 ; 100.0 ; 100.0 ; 100.0 ; 100.0
群聯,8299,3,40.87,50.0 ; 4.0 ; 68.6
群電,6412,4,59.64,100.0 ; 94.78 ; 25.15 ; 18.64
義隆,2458,13,72.98,14.05 ; 100.0 ; 76.54 ; 100.0 ; 99.7 ; 75.73 ; 100.0 ; 100.0 ; 100.0 ; 37.89 ; 41.1 ; 35.15 ; 68.57
翔名,8091,6,68.05,100.0 ; 65.93 ; 56.6 ; 70.0 ; 50.25 ; 65.53
翔耀,2438,8,75.87,47.18 ; 100.0 ; 100.0 ; 41.67 ; 34.29 ; 83.83 ; 100.0 ; 100.0
耀勝,3207,1,17.4,17.4
耕興,6146,2,87.84,77.38 ; 98.3
耿鼎,1524,2,45.6,35.44 ; 55.76
聚和,6509,7,82.94,100.0 ; 98.37 ; 53.2 ; 97.53 ; 59.1 ; 74.73 ; 97.63
聚碩,6112,5,100.0,100.0 ; 100.0 ; 100.0 ; 100.0 ; 100.0
聚積,3527,2,51.25,2.5 ; 100.0
聚紡,4429,1,100.0,100.0
聚陽,1477,1,100.0,100.0
聚鼎,6224,4,56.16,89.65 ; 76.8 ; 32.8 ; 25.4
聯上發,2537,1,0.0,0.0
聯亞,3081,1,32.5,32.5
聯傑,3094,7,66.22,74.9 ; 43.0 ; 100.0 ; 45.28 ; 79.87 ; 50.5 ; 70.0
聯光通,4903,3,32.04,59.66 ; 13.67 ; 22.8
聯合,4129,1,50.33,50.33
聯嘉,6288,1,100.0,100.0
聯強,2347,3,75.91,70.51 ; 85.83 ; 71.4
聯德,3308,1,20.3,20.3
聯德控股-KY,4912,3,30.96,9.57 ; 50.5 ; 32.8
聯成,1313,18,77.95,86.75 ; 35.33 ; 76.12 ; 34.0 ; 100.0 ; 100.0 ; 100.0 ; 80.0 ; 37.87 ; 68.83 ; 52.17 ; 32.0 ; 100.0 ; 100.0 ; 100.0 ; 100.0 ; 100.0 ; 100.0
聯昌,2431,4,96.02,100.0 ; 100.0 ; 100.0 ; 84.07
聯發,1459,7,90.38,98.83 ; 100.0 ; 100.0 ; 72.19 ; 100.0 ; 100.0 ; 61.64
聯發科,2454,3,43.15,28.64 ; 100.0 ; 0.82
聯穎,3550,1,60.0,60.0
聯茂,6213,15,94.07,71.2 ; 45.83 ; 100.0 ; 100.0 ; 100.0 ; 100.0 ; 100.0 ; 100.0 ; 100.0 ; 94.08 ; 100.0 ; 100.0 ; 100.0 ; 100.0 ; 100.0
聯華,1229,8,66.83,35.66 ; 100.0 ; 100.0 ; 32.33 ; 100.0 ; 100.0 ; 30.2 ; 36.42
聯邦銀,2838,3,50.26,0.0 ; 87.15 ; 63.64
聯鈞,3450,1,67.0,67.0
聯陽,3014,4,61.81,56.7 ; 100.0 ; 2.5 ; 88.05
聯電,2303,21,80.16,9.36 ; 0.0 ; 99.26 ; 49.11 ; 100.0 ; 19.84 ; 53.35 ; 100.0 ; 100.0 ; 100.0 ; 100.0 ; 100.0 ; 100.0 ; 100.0 ; 100.0 ; 100.0 ; 100.0 ; 100.0 ; 100.0 ; 100.0 ; 52.5
聰泰,5474,1,59.9,59.9
聲寶,1604,17,86.16,72.69 ; 100.0 ; 36.97 ; 0.0 ; 100.0 ; 100.0 ; 100.0 ; 100.0 ; 100.0 ; 100.0 ; 100.0 ; 100.0 ; 100.0 ; 100.0 ; 100.0 ; 55.0 ; 100.0
聿新科,4161,6,66.55,64.12 ; 13.9 ; 62.0 ; 72.5 ; 100.0 ; 86.81
育富,6194,10,91.2,22.05 ; 99.94 ; 100.0 ; 100.0 ; 100.0 ; 90.0 ; 100.0 ; 100.0 ; 100.0 ; 100.0
能率網通,8071,1,16.8,16.8
至上,8112,19,87.62,87.87 ; 43.78 ; 100.0 ; 100.0 ; 100.0 ; 100.0 ; 100.0 ; 98.2 ; 100.0 ; 100.0 ; 100.0 ; 100.0 ; 100.0 ; 81.61 ; 100.0 ; 100.0 ; 22.89 ; 30.46 ; 100.0
致振,3466,4,68.5,30.0 ; 99.0 ; 95.0 ; 50.0
致茂,2360,6,61.5,100.0 ; 14.43 ; 100.0 ; 46.1 ; 86.99 ; 21.47
臺企銀,2834,2,72.6,45.19 ; 100.0
臺慶科,3357,1,100.0,100.0
臺龍,6246,5,80.93,4.65 ; 100.0 ; 100.0 ; 100.0 ; 100.0
興勤,2428,6,64.27,96.8 ; 100.0 ; 100.0 ; 57.9 ; 30.9 ; 0.0
興富發,2542,3,92.14,76.41 ; 100.0 ; 100.0
興泰,1235,3,66.65,68.85 ; 95.47 ; 35.63
興農,1712,13,32.17,46.3 ; 18.51 ; 28.08 ; 0.54 ; 47.29 ; 4.82 ; 100.0 ; 4.8 ; 0.0 ; 7.96 ; 0.0 ; 59.88 ; 100.0
興采,4433,2,44.86,46.73 ; 43.0
良得電,2462,2,54.5,55.0 ; 54.0
良維,6290,6,64.68,63.57 ; 78.4 ; 46.16 ; 75.08 ; 93.8 ; 31.08
艾笛森,3591,7,89.85,100.0 ; 100.0 ; 100.0 ; 100.0 ; 100.0 ; 53.93 ; 75.0
艾美特-KY,1626,5,60.13,4.1 ; 44.2 ; 52.67 ; 100.0 ; 99.7
艾華,6204,2,15.86,25.4 ; 6.33
艾訊,3088,2,63.28,100.0 ; 26.57
英利-KY,2239,1,49.65,49.65
英濟,3294,3,96.57,100.0 ; 89.71 ; 100.0
英瑞-KY,1592,1,48.5,48.5
茂林-KY,4935,2,67.28,100.0 ; 34.55
茂綸,6227,3,67.41,15.87 ; 100.0 ; 86.37
茂達,6138,5,41.21,25.0 ; 28.0 ; 58.0 ; 54.61 ; 40.42
華上,6289,2,45.55,69.71 ; 21.39
華冠,8101,6,53.38,67.17 ; 31.13 ; 61.79 ; 35.59 ; 82.76 ; 41.84
華友聯,1436,9,43.26,100.0 ; 100.0 ; 26.77 ; 37.31 ; 17.65 ; 28.57 ; 30.0 ; 31.46 ; 17.57
華固,2548,1,77.22,77.22
華園,2702,7,29.24,4.9 ; 17.44 ; 1.5 ; 6.0 ; 53.33 ; 67.5 ; 54.0
華城,1519,4,96.08,100.0 ; 100.0 ; 84.34 ; 100.0
華孚,6235,1,69.14,69.14
華宏,8240,4,71.12,82.5 ; 98.45 ; 29.35 ; 74.2
華容,5328,8,88.35,100.0 ; 59.2 ; 47.6 ; 100.0 ; 100.0 ; 100.0 ; 100.0 ; 100.0
華廣,4737,3,87.92,100.0 ; 63.75 ; 100.0
華建,2530,1,66.93,66.93
華擎,3515,1,30.27,30.27
華新,1605,25,81.1,58.64 ; 11.87 ; 32.4 ; 100.0 ; 100.0 ; 100.0 ; 100.0 ; 91.58 ; 96.26 ; 72.72 ; 100.0 ; 66.6 ; 2.43 ; 61.13 ; 100.0 ; 33.91 ; 100.0 ; 100.0 ; 100.0 ; 100.0 ; 100.0 ; 100.0 ; 100.0 ; 100.0 ; 100.0
華新科,2492,17,80.89,50.0 ; 100.0 ; 28.85 ; 34.87 ; 100.0 ; 60.0 ; 100.0 ; 100.0 ; 100.0 ; 100.0 ; 48.08 ; 53.33 ; 100.0 ; 100.0 ; 100.0 ; 100.0 ; 100.0
華星光,4979,2,14.34,0.0 ; 28.67
華景電,6788,1,0.0,0.0
華晶科,3059,10,62.52,86.83 ; 37.2 ; 68.33 ; 65.0 ; 100.0 ; 82.5 ; 25.0 ; 22.89 ; 100.0 ; 37.5
華東,8110,12,87.1,22.16 ; 100.0 ; 53.6 ; 100.0 ; 100.0 ; 100.0 ; 88.53 ; 100.0 ; 100.0 ; 100.0 ; 100.0 ; 80.9
華泰,2329,1,71.63,71.63
華盈,3520,1,30.95,30.95
華研,8446,1,73.4,73.4
華碩,2357,4,85.88,43.54 ; 100.0 ; 100.0 ; 100.0
華票,2820,1,100.0,100.0
華立,3010,3,49.97,13.2 ; 76.32 ; 60.38
華紙,1905,3,72.1,63.16 ; 100.0 ; 53.15
華經,2468,17,64.14,22.07 ; 57.9 ; 100.0 ; 100.0 ; 100.0 ; 40.0 ; 100.0 ; 90.6 ; 52.9 ; 100.0 ; 100.0 ; 100.0 ; 38.0 ; 50.5 ; 0.0 ; 8.4 ; 30.0
華義,3086,3,61.72,100.0 ; 68.2 ; 16.97
華興,6164,5,88.19,100.0 ; 80.0 ; 77.94 ; 83.03 ; 100.0
華航,2610,1,100.0,100.0
華豐,2109,1,99.72,99.72
華通,2313,9,48.09,59.11 ; 36.5 ; 33.5 ; 32.5 ; 100.0 ; 27.57 ; 10.95 ; 60.28 ; 72.38
華邦電,2344,21,81.54,21.0 ; 35.0 ; 70.0 ; 100.0 ; 100.0 ; 100.0 ; 48.75 ; 72.22 ; 100.0 ; 100.0 ; 31.0 ; 100.0 ; 100.0 ; 100.0 ; 100.0 ; 100.0 ; 98.92 ; 61.54 ; 74.0 ; 100.0 ; 99.95
華鎂鑫,8087,8,84.1,65.0 ; 83.88 ; 38.2 ; 99.9 ; 100.0 ; 100.0 ; 85.8 ; 100.0
華電網,6163,5,84.52,42.77 ; 100.0 ; 93.05 ; 100.0 ; 86.76
菱光,8249,4,70.57,40.0 ; 60.0 ; 95.77 ; 86.5
菱生,2369,5,85.6,100.0 ; 100.0 ; 28.0 ; 100.0 ; 100.0
萬在,4543,1,30.8,30.8
萬旭,6134,7,50.03,57.14 ; 44.8 ; 93.2 ; 80.0 ; 50.0 ; 20.0 ; 5.1
萬泰科,6190,18,80.17,100.0 ; 73.33 ; 100.0 ; 100.0 ; 83.33 ; 100.0 ; 100.0 ; 50.0 ; 12.0 ; 83.33 ; 100.0 ; 6.82 ; 100.0 ; 100.0 ; 75.22 ; 100.0 ; 86.67 ; 72.43
萬海,2615,4,50.83,100.0 ; 13.97 ; 66.76 ; 22.59
萬潤,6187,10,46.96,46.13 ; 75.4 ; 25.87 ; 65.73 ; 17.8 ; 34.4 ; 36.57 ; 30.5 ; 62.33 ; 74.83
葡萄王,1707,2,58.46,100.0 ; 16.93
蒙恬,5211,8,68.42,66.0 ; 100.0 ; 100.0 ; 0.0 ; 58.5 ; 100.0 ; 100.0 ; 22.88
蔚華科,3055,7,54.52,87.65 ; 9.2 ; 50.34 ; 28.33 ; 59.76 ; 100.0 ; 46.35
藍天,2362,21,81.75,36.26 ; 45.4 ; 54.42 ; 100.0 ; 100.0 ; 100.0 ; 100.0 ; 100.0 ; 100.0 ; 85.67 ; 100.0 ; 36.08 ; 100.0 ; 34.0 ; 100.0 ; 50.0 ; 100.0 ; 75.0 ; 100.0 ; 100.0 ; 100.0
藥華藥,6446,2,76.0,91.72 ; 60.27
虹光,2380,16,74.84,60.84 ; 83.08 ; 100.0 ; 100.0 ; 66.67 ; 100.0 ; 100.0 ; 25.0 ; 70.67 ; 63.33 ; 68.7 ; 100.0 ; 42.74 ; 63.47 ; 74.63 ; 78.37
虹冠電,3257,3,74.78,75.0 ; 86.27 ; 63.07
虹堡,5258,1,51.4,51.4
蜜望實,8043,1,38.8,38.8
融程電,3416,3,69.13,53.8 ; 94.6 ; 59.0
裕民,2606,4,87.62,79.65 ; 94.53 ; 89.89 ; 86.41
裕隆,2201,2,56.4,100.0 ; 12.81
西柏,3541,3,76.27,89.0 ; 62.57 ; 77.25
訊映,4155,1,100.0,100.0
訊聯,1784,5,51.95,48.53 ; 11.05 ; 41.07 ; 88.71 ; 70.4
訊舟,3047,4,78.84,100.0 ; 17.02 ; 100.0 ; 98.33
訊芯-KY,6451,3,53.36,100.0 ; 0.0 ; 60.07
訊連,5203,10,87.77,87.58 ; 91.58 ; 68.58 ; 99.97 ; 69.7 ; 60.25 ; 100.0 ; 100.0 ; 100.0 ; 100.0
詠業,6792,1,100.0,100.0
詩肯,6195,3,60.17,32.0 ; 100.0 ; 48.5
詮欣,6205,6,43.24,60.08 ; 100.0 ; 0.0 ; 31.48 ; 47.0 ; 20.9
誠創,3536,1,100.0,100.0
誠研,3494,1,99.6,99.6
譁裕,3419,5,53.84,14.5 ; 100.0 ; 90.3 ; 1.49 ; 62.9
譜瑞-KY,4966,9,89.07,100.0 ; 100.0 ; 100.0 ; 20.0 ; 81.82 ; 100.0 ; 100.0 ; 99.82 ; 100.0
谷崧,3607,2,84.89,100.0 ; 69.78
豐興,2015,10,92.24,100.0 ; 100.0 ; 100.0 ; 100.0 ; 100.0 ; 100.0 ; 100.0 ; 100.0 ; 100.0 ; 22.38
豐藝,6189,4,42.93,10.0 ; 40.7 ; 86.6 ; 34.43
豐達科,3004,2,0.72,1.45 ; 0.0
豪勉,6218,1,89.5,89.5
豪展,4735,8,70.61,58.4 ; 22.3 ; 57.3 ; 100.0 ; 69.3 ; 100.0 ; 60.5 ; 97.1
資通,2471,6,70.71,33.82 ; 29.85 ; 100.0 ; 100.0 ; 100.0 ; 60.57
車王電,1533,1,82.9,82.9
軒郁,6703,1,100.0,100.0
辛耘,3583,3,100.0,100.0 ; 100.0 ; 100.0
農林,2913,2,52.68,58.01 ; 47.35
迅得,6438,1,50.0,50.0
迅德,6292,6,54.1,26.67 ; 70.0 ; 100.0 ; 67.5 ; 30.43 ; 30.0
迅杰,6243,9,60.84,95.8 ; 7.53 ; 28.13 ; 100.0 ; 100.0 ; 16.13 ; 100.0 ; 0.0 ; 100.0
迎廣,6117,3,61.67,0.0 ; 100.0 ; 85.0
迎輝,3523,2,50.79,64.86 ; 36.72
通泰,5487,5,48.18,68.6 ; 61.45 ; 4.0 ; 59.35 ; 47.5
通訊-KY,6404,2,33.29,64.88 ; 1.7
連宇,2482,5,69.01,53.08 ; 87.18 ; 8.14 ; 96.65 ; 100.0
進泰電子,3465,1,78.8,78.8
逸昌,3567,9,47.84,41.9 ; 38.7 ; 9.1 ; 99.7 ; 100.0 ; 26.25 ; 10.7 ; 89.8 ; 14.42
運錩,2069,2,77.0,100.0 ; 54.0
達威,5432,1,33.8,33.8
達新,1315,4,53.61,0.0 ; 100.0 ; 14.45 ; 100.0
達方,8163,4,100.0,100.0 ; 100.0 ; 100.0 ; 100.0
達欣工,2535,11,89.43,100.0 ; 100.0 ; 83.71 ; 100.0 ; 100.0 ; 0.0 ; 100.0 ; 100.0 ; 100.0 ; 100.0 ; 100.0
達爾膚,6523,1,96.0,96.0
達運,6120,7,66.51,91.61 ; 47.88 ; 53.08 ; 40.1 ; 37.76 ; 98.03 ; 97.11
遠東新,1402,3,60.68,18.74 ; 77.5 ; 85.81
遠東銀,2845,4,68.76,80.0 ; 53.16 ; 100.0 ; 41.89
遠百,2903,4,78.98,52.75 ; 75.17 ; 98.97 ; 89.02
遠見,3040,10,86.25,100.0 ; 100.0 ; 40.63 ; 100.0 ; 100.0 ; 100.0 ; 100.0 ; 100.0 ; 21.83 ; 100.0
遠雄,5522,2,65.75,69.84 ; 61.66
邁達康,9960,1,74.0,74.0
邑昇,5291,2,45.98,38.5 ; 53.47
邑錡,7402,2,100.0,100.0 ; 100.0
邦特,4107,1,0.0,0.0
鄉林,5531,1,39.08,39.08
醣聯,4168,2,47.96,82.33 ; 13.6
金像電,2368,5,65.84,100.0 ; 26.6 ; 39.28 ; 100.0 ; 63.33
金利,5383,2,72.0,94.0 ; 50.0
金可-KY,8406,1,20.58,20.58
金寶,2312,9,60.42,30.54 ; 19.63 ; 100.0 ; 100.0 ; 8.19 ; 22.19 ; 100.0 ; 100.0 ; 63.21
金居,8358,1,37.07,37.07
金山電,8042,3,68.68,65.1 ; 41.6 ; 99.33
金橋,6133,10,89.38,100.0 ; 100.0 ; 100.0 ; 100.0 ; 57.49 ; 52.83 ; 100.0 ; 83.47 ; 100.0 ; 100.0
金洲,4417,8,45.88,52.57 ; 100.0 ; 13.7 ; 94.16 ; 19.15 ; 51.3 ; 11.0 ; 25.15
金益鼎,8390,2,67.78,100.0 ; 35.55
金雨,4503,5,19.78,23.7 ; 13.93 ; 21.63 ; 30.3 ; 9.35
金麗科,3228,1,100.0,100.0
鈊象,3293,1,60.0,60.0
鈞泰,6131,9,92.76,100.0 ; 100.0 ; 100.0 ; 100.0 ; 34.8 ; 100.0 ; 100.0 ; 100.0 ; 100.0
鈦昇,8027,7,81.09,50.5 ; 83.0 ; 99.1 ; 81.4 ; 87.25 ; 83.0 ; 83.4
鈺創,5351,11,78.75,100.0 ; 58.64 ; 100.0 ; 75.84 ; 100.0 ; 51.68 ; 13.75 ; 100.0 ; 100.0 ; 66.34 ; 100.0
鈺太,6679,2,45.6,41.11 ; 50.08
鈺德,3050,13,90.99,97.5 ; 100.0 ; 69.45 ; 100.0 ; 100.0 ; 34.15 ; 81.73 ; 100.0 ; 100.0 ; 100.0 ; 100.0 ; 100.0 ; 100.0
鈺緯,4153,3,59.77,22.47 ; 100.0 ; 56.83
鈺邦,6449,3,87.63,100.0 ; 62.9 ; 100.0
鈺齊-KY,9802,3,59.59,12.78 ; 100.0 ; 66.0
鉅明,8928,2,49.15,39.5 ; 58.8
鉅橡,8074,6,75.98,13.9 ; 99.9 ; 100.0 ; 78.33 ; 63.75 ; 100.0
鉅祥,2476,3,60.03,67.33 ; 12.75 ; 100.0
銘異,3060,5,52.85,100.0 ; 100.0 ; 0.0 ; 0.0 ; 64.23
錦明,3230,3,79.23,37.7 ; 100.0 ; 100.0
錩新,2415,7,71.26,72.14 ; 86.71 ; 38.0 ; 100.0 ; 100.0 ; 100.0 ; 2.0
錸寶,8104,1,100.0,100.0
錸德,2349,11,59.14,100.0 ; 50.49 ; 8.2 ; 100.0 ; 100.0 ; 78.52 ; 13.36 ; 68.9 ; 25.0 ; 100.0 ; 6.07
鑫創,3259,1,39.36,39.36
鑫創電子,6680,1,60.4,60.4
鑫禾,4999,2,93.95,87.9 ; 100.0
鑫龍騰,3188,4,95.0,100.0 ; 100.0 ; 80.0 ; 100.0
鑽全,1527,15,56.57,20.1 ; 79.93 ; 30.92 ; 0.39 ; 69.34 ; 10.0 ; 100.0 ; 48.47 ; 100.0 ; 43.6 ; 100.0 ; 72.8 ; 73.6 ; 70.27 ; 29.13
長佳,4550,1,30.77,30.77
長園科,8038,2,94.5,97.3 ; 91.69
長盛,3492,1,0.0,0.0
長科*,6548,1,72.93,72.93
長華*,8070,6,94.94,100.0 ; 100.0 ; 100.0 ; 69.63 ; 100.0 ; 100.0
開發金,2883,16,66.16,96.12 ; 100.0 ; 66.9 ; 100.0 ; 58.33 ; 31.63 ; 88.09 ; 100.0 ; 35.93 ; 78.13 ; 13.71 ; 73.09 ; 94.44 ; 26.84 ; 95.34 ; 0.0
閎康,3587,3,81.23,100.0 ; 85.5 ; 58.2
閎暉,3311,2,100.0,100.0 ; 100.0
關中,8941,3,95.43,100.0 ; 100.0 ; 86.3
關貿,6183,2,38.91,55.26 ; 22.56
陞泰,8072,1,49.7,49.7
陸海,5603,2,99.78,99.55 ; 100.0
陽程,3498,8,60.65,48.4 ; 50.4 ; 10.3 ; 41.1 ; 100.0 ; 60.0 ; 75.0 ; 100.0
隆中,6542,1,0.0,0.0
雃博,4106,1,0.0,0.0
雅茗-KY,2726,4,45.24,61.88 ; 41.4 ; 11.1 ; 66.6
集盛,1455,5,49.54,5.42 ; 54.96 ; 56.27 ; 70.0 ; 61.04
雙美,4728,1,91.8,91.8
雙鍵,4764,1,68.4,68.4
雙鴻,3324,6,43.49,9.73 ; 39.67 ; 55.1 ; 55.27 ; 24.47 ; 76.67
零壹,3029,7,56.8,62.67 ; 10.27 ; 42.53 ; 72.7 ; 94.6 ; 98.55 ; 16.3
雷科,6207,10,57.77,100.0 ; 40.88 ; 100.0 ; 73.47 ; 60.68 ; 100.0 ; 100.0 ; 0.0 ; 2.7 ; 0.0
雷笛克光學,5230,4,100.0,100.0 ; 100.0 ; 100.0 ; 100.0
震旦行,2373,7,90.77,100.0 ; 100.0 ; 100.0 ; 100.0 ; 100.0 ; 65.38 ; 70.0
霹靂,8450,1,87.47,87.47
青鋼,8930,7,53.39,17.5 ; 60.67 ; 95.7 ; 51.8 ; 29.91 ; 53.13 ; 65.0
青雲,5386,3,100.0,100.0 ; 100.0 ; 100.0
順天,5525,1,100.0,100.0
順德,2351,3,65.52,14.9 ; 91.67 ; 90.0
順達,3211,2,87.4,100.0 ; 74.8
頎邦,6147,7,61.33,100.0 ; 60.0 ; 0.0 ; 100.0 ; 72.0 ; 70.45 ; 26.84
類比科,3438,2,33.05,11.1 ; 55.0
風青,2061,4,39.86,3.65 ; 0.0 ; 55.77 ; 100.0
飛宏,2457,4,84.49,55.65 ; 100.0 ; 100.0 ; 82.32
飛寶企業,4413,1,90.6,90.6
飛捷,6206,2,81.59,97.06 ; 66.12
首利,1471,2,89.08,98.17 ; 80.0
駿吉-KY,1591,1,100.0,100.0
駿熠電,3642,4,97.27,99.5 ; 99.25 ; 100.0 ; 90.33
驊宏資,6148,2,100.0,100.0 ; 100.0
驊訊,6237,6,29.85,29.65 ; 30.0 ; 25.0 ; 0.0 ; 44.43 ; 50.03
高僑,6234,1,22.45,22.45
高技,5439,9,30.32,0.0 ; 96.0 ; 99.8 ; 6.73 ; 24.13 ; 2.7 ; 21.57 ; 16.83 ; 5.1
高林,2906,21,82.89,100.0 ; 100.0 ; 100.0 ; 100.0 ; 100.0 ; 83.55 ; 60.58 ; 99.95 ; 92.9 ; 25.0 ; 100.0 ; 50.0 ; 100.0 ; 76.41 ; 77.8 ; 91.69 ; 100.0 ; 12.0 ; 100.0 ; 70.78 ; 100.0
高林股,1531,3,67.14,81.43 ; 70.0 ; 50.0
高興昌,2008,6,82.03,87.5 ; 93.24 ; 11.44 ; 100.0 ; 100.0 ; 100.0
高鋒,4510,5,73.82,47.82 ; 100.0 ; 100.0 ; 24.32 ; 96.98
鳳凰,5706,9,61.39,100.0 ; 42.33 ; 73.13 ; 36.72 ; 0.2 ; 98.2 ; 100.0 ; 89.5 ; 12.42
鴻名,3021,5,80.66,42.86 ; 100.0 ; 100.0 ; 100.0 ; 60.45
鴻碩,3092,2,13.35,17.65 ; 9.05
鴻翊,3521,1,61.07,61.07
麗嬰房,2911,12,72.05,100.0 ; 40.0 ; 65.1 ; 45.4 ; 65.04 ; 98.63 ; 17.55 ; 100.0 ; 100.0 ; 61.06 ; 86.6 ; 85.28
麗正,2302,1,99.33,99.33
麗臺,2465,3,76.5,29.5 ; 100.0 ; 100.0
麗豐-KY,4137,2,40.82,53.13 ; 28.5
點晶,3288,2,50.0,0.0 ; 100.0
鼎元,2426,6,84.69,100.0 ; 55.0 ; 100.0 ; 100.0 ; 100.0 ; 53.12
鼎天,3306,2,73.9,80.4 ; 67.4
鼎炫-KY,8499,1,30.93,30.93
龍邦,2514,13,62.92,81.02 ; 24.84 ; 5.28 ; 100.0 ; 100.0 ; 25.82 ; 100.0 ; 100.0 ; 38.37 ; 100.0 ; 37.8 ; 54.81 ; 50.0
