證券代號","證券名稱","暫停現股賣出後現款買進當沖註記","當日沖銷交易成交股數","當日沖銷交易買進成交金額","當日沖銷交易賣出成交金額",
"0050","元大台灣50","","4,325,000","328,322,300","329,086,100",
"0051","元大中型100","","5,000","559,150","563,900",
"0052","富邦科技","","4,116,000","186,758,850","186,975,600",
"0053","元大電子","","1,000","170,500","171,700",
"0055","元大MSCI金融","","5,000","161,030","161,730",
"0056","元大高股息","","3,799,000","147,368,900","147,489,870",
"0057","富邦摩台","","0","0","0",
"0061","元大寶滬深","","7,000","163,570","164,800",
"006203","元大MSCI台灣","","0","0","0",
"006204","永豐臺灣加權","","1,000","171,050","171,800",
"006205","富邦上証","","6,000","239,160","238,860",
"006206","元大上證50","","1,000","36,700","36,730",
"006207","復華滬深","","0","0","0",
"006208","富邦台50","","137,000","24,148,950","24,175,250",
"00631L","元大台灣50正2","Y","1,110,000","522,855,850","523,316,900",
"00632R","元大台灣50反1","","14,006,000","197,338,390","197,578,330",
"00633L","富邦上証正2","","673,000","31,666,090","31,683,110",
"00634R","富邦上証反1","","0","0","0",
"00635U","期元大S&P黃金","","2,216,000","109,894,700","110,236,360",
"00636","國泰中國A50","","1,000","26,820","27,060",
"00637L","元大滬深300正2","","15,583,000","301,934,730","303,747,300",
"00638R","元大滬深300反1","","0","0","0",
"00639","富邦深100","","238,000","3,755,610","3,780,750",
"00640L","富邦日本正2","","76,000","6,500,750","6,503,050",
"00641R","富邦日本反1","","16,000","68,530","68,640",
"00642U","期元大S&P石油","","4,095,000","103,602,330","103,862,650",
"00643","群益深証中小","","390,000","7,086,950","7,087,440",
"00645","富邦日本","","1,000","50,350","50,500",
"00646","元大S&P500","","35,000","2,324,850","2,327,200",
"00647L","元大S&P500正2","","3,000","323,100","323,500",
"00648R","元大S&P500反1","","14,000","63,700","63,420",
"00650L","復華香港正2","","1,206,000","20,585,940","20,536,290",
"00651R","復華香港反1","","0","0","0",
"00652","富邦印度","","7,000","231,240","231,910",
"00653L","富邦印度正2","","22,000","987,050","992,100",
"00654R","富邦印度反1","","0","0","0",
"00655L","國泰中國A50正2","","237,000","7,734,040","7,770,690",
"00656R","國泰中國A50反1","","0","0","0",
"00657","國泰日經225","","1,000","62,800","62,750",
"00660","元大歐洲50","","0","0","0",
"00661","元大日經225","","4,000","275,800","275,350",
"00662","富邦NASDAQ","","16,000","1,601,400","1,601,200",
"00663L","國泰臺灣加權正2","","2,794,000","171,734,700","172,647,000",
"00664R","國泰臺灣加權反1","","746,000","1,699,180","1,699,810",
"00665L","富邦恒生國企正2","","7,165,000","70,802,200","70,591,750",
"00666R","富邦恒生國企反1","","3,000","27,470","27,510",
"00668","國泰美國道瓊","","1,000","53,850","53,850",
"00669R","國泰美國道瓊反1","","12,000","71,740","71,860",
"00670L","富邦NASDAQ正2","","6,000","878,900","877,150",
"00671R","富邦NASDAQ反1","","38,000","112,480","112,510",
"00673R","期元大S&P原油反1","","2,115,000","40,763,020","40,507,830",
"00675L","富邦臺灣加權正2","","682,000","126,839,050","127,575,850",
"00676R","富邦臺灣加權反1","","170,000","1,316,110","1,319,630",
"00678","群益那斯達克生技","","100,000","3,497,000","3,497,000",
"00680L","元大美債20正2","","337,000","2,440,680","2,438,410",
"00681R","元大美債20反1","","1,000","20,770","20,770",
"00682U","期元大美元指數","","0","0","0",
"00683L","期元大美元指正2","","49,000","1,039,780","1,040,760",
"00684R","期元大美元指反1","","0","0","0",
"00685L","群益臺灣加權正2","","138,000","23,148,350","23,236,950",
"00686R","群益臺灣加權反1","","109,000","151,550","152,510",
"00688L","國泰20年美債正2","","21,000","151,550","151,740",
"00689R","國泰20年美債反1","","25,000","543,250","543,250",
"00690","兆豐藍籌30","","18,000","952,100","957,550",
"00692","富邦公司治理","","22,000","1,469,150","1,470,000",
"00693U","期街口S&P黃豆","","63,000","1,387,900","1,390,310",
"00700","富邦恒生國企","","5,000","88,190","87,540",
"00701","國泰股利精選30","","87,000","2,487,940","2,491,910",
"00702","國泰標普低波高息","","50,000","1,183,000","1,183,000",
"00703","台新MSCI中國","","2,000","40,700","41,280",
"00706L","期元大S&P日圓正2","","347,000","6,856,890","6,888,190",
"00707R","期元大S&P日圓反1","","0","0","0",
"00708L","期元大S&P黃金正2","","2,736,000","272,407,150","273,744,550",
"00709","富邦歐洲","","0","0","0",
"00710B","復華彭博非投等債","","0","0","0",
"00711B","復華彭博新興債","","1,000","16,060","16,060",
"00712","復華富時不動產","","134,000","1,165,690","1,167,050",
"00713","元大台灣高息低波","Y","98,000","5,072,750","5,064,700",
"00714","群益道瓊美國地產","","121,000","2,519,320","2,519,640",
"00715L","期街口S&P布蘭特油正2","","12,116,000","678,594,750","683,095,150",
"00717","富邦美國特別股","","0","0","0",
"00728","第一金工業30","Y","3,000","134,690","134,950",
"00730","富邦臺灣優質高息","","1,000","22,770","23,050",
"00731","復華富時高息低波","","439,000","31,091,200","31,100,700",
"00733","富邦臺灣中小","","252,000","14,384,700","14,512,850",
"00735","國泰臺韓科技","","387,000","26,990,450","26,960,100",
"00736","國泰新興市場","","103,000","2,917,040","2,923,340",
"00737","國泰AI機器人","","0","0","0",
"00738U","期元大道瓊白銀","","3,397,000","204,197,800","204,718,000",
"00739","元大MSCI A股","","0","0","0",
"00752","中信中國50","","244,000","5,955,790","5,960,770",
"00753L","中信中國50正2","","5,893,000","62,843,050","62,946,600",
"00757","統一FANG+","","10,000","1,094,500","1,092,650",
"00762","元大全球AI","","5,000","418,600","418,750",
"00763U","期街口道瓊銅","","185,000","5,575,570","5,561,430",
"00770","國泰北美科技","","4,000","206,950","206,950",
"00771","元大US高息特別股","","0","0","0",
"00775B","新光投等債15+","","40,000","1,300,800","1,300,800",
"00783","富邦中証500","","0","0","0",
"00830","國泰費城半導體","","116,000","6,457,800","6,454,850",
"00850","元大臺灣ESG永續","","101,000","6,388,950","6,410,600",
"00851","台新全球AI","","0","0","0",
"00852L","國泰美國道瓊正2","","1,000","27,840","27,830",
"00861","元大全球未來通訊","","1,000","65,450","65,300",
"00865B","國泰US短期公債","","15,000","723,630","723,300",
"00875","國泰網路資安","","6,000","233,180","233,250",
"00876","元大全球5G","","3,000","189,250","190,450",
"00878","國泰永續高股息","","3,323,000","74,494,410","74,641,990",
"00881","國泰台灣科技龍頭","","2,447,000","90,811,460","91,093,310",
"00882","中信中國高股息","","503,000","7,985,060","7,988,630",
"00885","富邦越南","","371,000","6,411,760","6,404,080",
"00891","中信關鍵半導體","","2,310,000","56,961,270","57,028,720",
"00892","富邦台灣半導體","","126,000","3,736,290","3,730,440",
"00893","國泰智能電動車","","8,000","267,900","268,480",
"00894","中信小資高價30","","240,000","8,257,860","8,291,730",
"00895","富邦未來車","","30,000","1,190,720","1,192,890",
"00896","中信綠能及電動車","","144,000","3,045,690","3,061,700",
"00897","富邦基因免疫生技","","8,000","77,920","77,840",
"00898","國泰基因免疫革命","","13,000","103,240","103,090",
"00899","FT潔淨能源","","0","0","0",
"00900","富邦特選高股息30","","565,000","8,085,620","8,106,520",
"00901","永豐智能車供應鏈","","5,000","150,200","151,150",
"00902","中信電池及儲能","","355,000","4,984,050","5,007,030",
"00903","富邦元宇宙","","0","0","0",
"00904","新光臺灣半導體30","","573,000","17,078,170","17,104,820",
"00905","FT臺灣SMART","","40,000","788,610","792,620",
"00907","永豐優息存股","","4,000","59,620","59,650",
"00908","富邦入息REITs+","","3,000","41,580","41,700",
"00909","國泰數位支付服務","","124,000","4,934,310","4,944,590",
"00910","第一金太空衛星","","197,000","11,293,950","11,286,550",
"00911","兆豐洲際半導體","","100,000","3,679,000","3,679,000",
"00912","中信臺灣智慧50","","40,000","986,380","992,090",
"00913","兆豐台灣晶圓製造","","113,000","3,481,080","3,486,340",
"00915","凱基優選高股息30","","701,000","16,258,770","16,260,710",
"00916","國泰全球品牌50","","0","0","0",
"00917","中信特選金融","","22,000","445,470","445,760",
"00918","大華優利高填息30","Y","1,287,000","29,082,130","29,120,270",
"00919","群益台灣精選高息","","10,817,000","248,110,720","248,441,860",
"00920","富邦ESG綠色電力","","5,000","107,160","107,240",
"00921","兆豐龍頭等權重","","8,000","151,570","150,880",
"00922","國泰台灣領袖50","","1,889,000","53,195,540","53,305,840",
"00923","群益台ESG低碳50","","264,000","7,646,100","7,671,280",
"00924","復華S&P500成長","","93,000","2,596,650","2,594,820",
"00926","凱基全球菁英55","","1,000","22,810","22,800",
"00927","群益半導體收益","","938,000","23,409,090","23,603,330",
"00929","復華台灣科技優息","","5,280,000","104,715,300","105,000,660",
"00930","永豐ESG低碳高息","Y","99,000","1,745,850","1,755,030",
"00932","兆豐永續高息等權","","29,000","431,690","434,760",
"00934","中信成長高股息","","166,000","3,624,580","3,644,240",
"00935","野村臺灣新科技50","","790,000","29,988,260","30,151,080",
"00936","台新永續高息中小","","85,000","1,509,760","1,515,460",
"00938","凱基優選30","","89,000","1,644,690","1,648,210",
"00939","統一台灣高息動能","","759,000","11,976,700","12,006,940",
"00940","元大台灣價值高息","","4,251,000","41,408,040","41,381,500",
"00941","中信上游半導體","","114,000","2,481,300","2,482,320",
"00943","兆豐電子高息等權","","31,000","477,050","479,160",
"00944","野村趨勢動能高息","","55,000","846,560","854,800",
"00945B","凱基美國非投等債","","2,000","28,860","28,860",
"00946","群益科技高息成長","","428,000","4,341,770","4,363,710",
"00947","台新臺灣IC設計","","1,630,000","41,567,010","41,807,980",
"00949","復華日本龍頭","","7,000","135,800","136,360",
"00951","台新日本半導體","","126,000","1,723,100","1,721,930",
"00952","凱基台灣AI50","","294,000","3,949,330","3,992,260",
"00953B","群益優選非投等債","","3,051,000","29,407,090","29,424,330",
"00954","中信日本半導體","","31,000","453,320","453,170",
"00956","中信日經高股息","","1,000","12,290","12,270",
"00960","野村全球航運龍頭","","397,000","6,774,830","7,068,370",
"00961","FT臺灣永續高息","","225,000","2,275,760","2,289,300",
"00962","台新AI優息動能","","64,000","696,050","703,470",
"00963","中信全球高股息","","64,000","787,200","789,500",
"00964","中信亞太高股息","","48,000","673,100","673,540",
"00965","元大航太防衛科技","","116,000","2,939,390","2,952,670",
"00971","野村美國研發龍頭","","6,000","90,050","90,000",
"00972","野村日本動能高息","","0","0","0",
"009800","中信NASDAQ","","20,000","216,800","216,830",
"009801","中信美國創新科技","","3,000","31,230","31,200",
"009802","富邦旗艦50","","734,000","9,404,020","9,434,530",
"009803","保德信市值動能50","","203,000","3,158,130","3,167,940",
"009804","聯邦台精彩50","","3,000","50,610","50,820",
"009805","新光美國電力基建","","237,000","3,580,580","3,584,740",
"009808","華南永昌優選50","","18,000","397,190","398,970",
"009809","富邦淨零ESG50","","7,000","85,940","86,140",
"00980A","主動野村臺灣優選","","1,676,000","29,615,770","29,809,440",
"009810","保德信全球藍籌","","3,000","54,520","54,730",
"009811","統一美國50","","126,000","1,408,160","1,406,160",
"009812","野村日本東證","","0","0","0",
"009813","貝萊德標普卓越50","","74,000","740,650","741,080",
"009816","凱基台灣TOP50","","21,208,000","228,250,130","229,044,890",
"009817","國泰日本不動產","","52,000","508,040","505,960",
"00981A","主動統一台股增長","","54,946,000","1,149,282,780","1,156,231,200",
"00981T","平衡凱基雙核收息","","0","0","0",
"00982A","主動群益台灣強棒","","8,500,000","142,537,030","143,173,870",
"00982D","主動富邦動態入息","","800,000","8,040,000","8,042,000",
"00982T","平衡兆豐台美動能","","2,026,000","22,758,590","22,757,160",
"00983A","主動中信ARK創新","","221,000","2,397,780","2,401,110",
"00983D","主動富邦複合收益","","0","0","0",
"00984A","主動安聯台灣高息","","752,000","9,580,460","9,616,960",
"00984D","主動聯博全球非投","","0","0","0",
"00985A","主動野村台灣50","","740,000","12,237,780","12,276,820",
"00985B","群益ESG投等債0-5","","55,000","566,550","567,500",
"00986A","主動台新龍頭成長","","55,000","668,130","668,380",
"00987A","主動台新優勢成長","","2,814,000","35,360,020","35,494,590",
"00988A","主動統一全球創新","","4,335,000","58,115,430","58,189,810",
"00989A","主動摩根美國科技","","14,000","199,050","199,080",
"00990A","主動元大AI新經濟","","5,101,000","63,949,740","64,142,550",
"00991A","主動復華未來50","","21,893,000","284,936,270","288,049,380",
"00992A","主動群益科技創新","","25,214,000","344,818,080","347,779,290",
"00993A","主動安聯台灣","","7,872,000","85,825,060","85,781,160",
"00994A","主動第一金台股優","","7,123,000","90,433,880","90,625,700",
"00995A","主動中信台灣卓越","","1,241,000","15,225,540","15,325,860",
"1101","台泥","Y","7,549,000","178,488,850","178,288,850",
"1102","亞泥","","778,000","26,525,650","26,759,150",
"1103","嘉泥","Y","18,000","245,300","245,450",
"1104","環泥","","28,000","817,700","822,050",
"1108","幸福","","8,000","119,200","119,250",
"1109","信大","","12,000","183,700","183,600",
"1110","東泥","","148,000","2,274,800","2,266,900",
"1201","味全","","18,000","245,850","246,850",
"1203","味王","","3,000","115,650","115,650",
"1210","大成","","552,000","29,526,900","29,596,000",
"1215","卜蜂","","102,000","15,135,000","15,176,000",
"1216","統一","","2,280,000","160,489,300","161,398,500",
"1217","愛之味","","65,000","664,550","665,950",
"1218","泰山","","85,000","1,626,450","1,623,550",
"1219","福壽","Y","7,000","94,900","94,850",
"1220","台榮","","7,000","88,650","88,650",
"1225","福懋油","","63,000","1,987,800","1,995,300",
"1227","佳格","","141,000","4,226,700","4,312,150",
"1229","聯華","","317,000","14,111,900","14,032,300",
"1231","聯華食","","46,000","4,170,900","4,175,800",
"1232","大統益","Y","9,000","1,345,000","1,348,000",
"1233","天仁","","2,000","60,200","60,100",
"1234","黑松","","19,000","684,450","684,750",
"1235","興泰","","4,000","151,250","149,300",
"1236","宏亞","","14,000","377,150","378,550",
"1256","鮮活果汁-KY","","9,000","1,401,500","1,395,500",
"1301","台塑","","18,181,000","876,360,600","877,853,600",
"1303","南亞","","30,251,000","2,430,041,700","2,443,551,700",
"1304","台聚","","30,126,000","461,275,050","460,479,800",
"1305","華夏","","19,230,000","322,670,050","321,831,700",
"1307","三芳","","344,000","11,957,450","12,012,250",
"1308","亞聚","","12,780,000","217,189,550","218,337,700",
"1309","台達化","","24,690,000","460,979,250","458,699,000",
"1310","台苯","Y","10,337,000","127,989,650","128,711,500",
"1312","國喬","","24,959,000","368,618,250","367,136,900",
"1313","聯成","","7,211,000","95,490,800","95,656,150",
"1314","中石化","Y","19,247,000","168,473,150","166,806,230",
"1315","達新","","1,000","63,900","63,900",
"1316","上曜","","631,000","8,132,050","8,152,750",
"1319","東陽","","274,000","22,532,700","22,592,200",
"1321","大洋","","25,000","830,250","832,000",
"1323","永裕","","6,000","113,800","114,550",
"1324","地球","","8,000","83,900","84,800",
"1325","恆大","","46,000","1,246,500","1,249,550",
"1326","台化","","19,580,000","900,166,300","903,878,950",
"1337","再生-KY","","453,000","2,832,770","2,833,880",
"1338","廣華-KY","Y","16,000","248,950","247,550",
"1339","昭輝","","5,000","207,900","208,650",
"1340","勝悅-KY","","11,000","77,210","77,160",
"1342","八貫","","42,000","3,634,600","3,636,400",
"1402","遠東新","","3,329,000","88,446,500","88,550,350",
"1409","新纖","","2,142,000","35,416,100","35,550,400",
"1410","南染","","34,000","1,073,100","1,073,050",
"1414","東和","","137,000","2,534,550","2,533,000",
"1416","廣豐","Y","3,000","34,800","35,100",
"1417","嘉裕","Y","20,000","179,300","179,050",
"1418","東華","","7,000","135,550","137,100",
"1419","新紡","","48,000","2,915,300","2,927,300",
"1423","利華","","1,000","39,750","39,750",
"1434","福懋","","415,000","6,942,100","6,933,400",
"1436","華友聯","","173,000","9,738,100","9,798,400",
"1437","勤益控","","9,000","275,300","275,850",
"1438","三地開發","","5,000","148,450","150,050",
"1439","雋揚","","3,000","83,750","84,350",
"1440","南紡","","360,000","4,811,600","4,773,750",
"1442","名軒","","411,000","11,542,150","11,599,450",
"1443","立益物流","","1,000","24,450","24,450",
"1445","大宇","","1,000","12,550","13,050",
"1446","宏和","","27,000","466,650","467,150",
"1449","佳和","","6,768,000","93,628,600","93,670,750",
"1451","年興","","4,000","72,050","72,250",
"1452","宏益","","2,000","22,400","22,400",
"1453","大將","","38,000","475,600","476,600",
"1454","台富","","0","0","0",
"1455","集盛","","209,000","1,941,630","1,943,830",
"1456","怡華","","47,000","658,600","665,100",
"1457","宜進","","8,000","128,350","128,700",
"1459","聯發","","6,000","70,200","70,800",
"1463","強盛新","","8,000","139,250","141,050",
"1464","得力","","23,000","242,350","243,050",
"1465","偉全","","15,000","180,550","181,350",
"1466","聚隆","","80,000","1,432,350","1,432,200",
"1467","南緯","","5,000","35,500","35,720",
"1470","大統新創","","1,000","23,350","23,350",
"1472","三洋實業","","10,000","957,800","962,500",
"1473","台南","","20,000","472,350","476,900",
"1474","弘裕","","16,000","159,980","160,950",
"1475","業旺","","2,000","56,700","57,200",
"1476","儒鴻","","330,000","121,188,500","121,315,500",
"1477","聚陽","","763,000","215,468,500","216,958,000",
"1503","士電","","531,000","107,504,500","107,641,000",
"1504","東元","","2,843,000","191,315,200","191,796,800",
"1513","中興電","Y","643,000","101,764,000","101,460,000",
"1514","亞力","","965,000","111,357,000","111,609,500",
"1515","力山","Y","37,000","909,150","913,900",
"1517","利奇","","12,000","136,800","138,200",
"1519","華城","","1,172,000","1,078,070,000","1,077,674,000",
"1521","大億","","0","0","0",
"1522","堤維西","","167,000","5,621,400","5,626,100",
"1524","耿鼎","","129,000","3,695,050","3,707,500",
"1525","江申","","2,000","121,800","122,700",
"1526","日馳","","322,000","5,908,850","5,883,000",
"1527","鑽全","","40,000","1,295,500","1,296,100",
"1528","恩德","Y","1,068,000","24,350,250","24,225,150",
"1529","樂事綠能","Y","417,000","11,340,200","11,240,700",
"1530","亞崴","","1,000","26,550","26,250",
"1531","高林股","","23,000","297,550","296,200",
"1532","勤美","","112,000","2,553,850","2,563,350",
"1533","車王電","","12,000","369,950","370,500",
"1535","中宇","","11,000","578,600","581,300",
"1536","和大","","600,000","30,536,200","30,611,800",
"1537","廣隆","","6,000","738,000","744,000",
"1539","巨庭","","2,000","33,850","34,000",
"1540","喬福","","61,000","1,351,700","1,355,350",
"1541","錩泰","","6,000","151,150","151,950",
"1558","伸興","Y","2,000","187,600","186,900",
"1560","中砂","","936,000","441,145,000","441,910,500",
"1563","巧新","Y","37,000","1,497,250","1,497,200",
"1568","倉佑","","28,000","634,200","633,350",
"1582","信錦","","1,693,000","152,582,100","152,653,300",
"1583","程泰","","9,000","404,800","405,650",
"1587","吉茂","","82,000","2,926,950","2,947,350",
"1590","亞德客-KY","","209,000","204,353,000","204,601,000",
"1597","直得","","94,000","7,459,200","7,519,800",
"1598","岱宇","Y","17,000","338,750","339,650",
"1603","華電","","34,000","1,151,450","1,151,200",
"1604","聲寶","","26,000","652,550","653,300",
"1605","華新","Y","7,000,000","224,162,950","222,655,500",
"1608","華榮","","1,208,000","40,193,900","40,188,000",
"1609","大亞","Y","377,000","12,883,200","12,826,850",
"1611","中電","","114,000","1,549,950","1,549,200",
"1612","宏泰","","126,000","4,486,400","4,488,850",
"1614","三洋電","","4,000","128,550","128,700",
"1615","大山","","4,000","186,050","186,950",
"1616","億泰","","128,000","3,095,500","3,090,400",
"1617","榮星","","20,000","300,150","300,450",
"1618","合機","Y","87,000","3,583,300","3,574,700",
"1626","艾美特-KY","","3,000","30,650","30,650",
"1702","南僑","","31,000","1,103,300","1,101,900",
"1707","葡萄王","","16,000","1,910,000","1,913,000",
"1708","東鹼","Y","4,527,000","208,457,250","207,677,100",
"1709","和益","","496,000","9,091,350","9,131,850",
"1710","東聯","Y","18,175,000","290,825,850","287,961,250",
"1712","興農","","187,000","8,288,450","8,313,100",
"1713","國化","","54,000","2,586,500","2,587,450",
"1714","和桐","","2,931,000","29,110,630","29,023,690",
"1717","長興","","53,037,000","3,557,495,400","3,574,191,500",
"1718","中纖","","9,468,000","74,237,460","74,528,870",
"1720","生達","","58,000","3,630,900","3,635,900",
"1722","台肥","","3,014,000","142,992,550","143,292,000",
"1723","中碳","","237,000","17,722,400","17,861,100",
"1725","元禎","Y","580,000","20,648,850","20,019,700",
"1726","永記","","0","0","0",
"1727","中華化","","3,883,000","211,987,100","212,397,400",
"1730","花仙子","","0","0","0",
"1731","美吾華","","0","0","0",
"1732","毛寶","","19,000","495,350","495,850",
"1733","五鼎","Y","3,000","88,150","87,950",
"1734","杏輝","","21,000","648,000","648,550",
"1736","喬山","","115,000","14,296,500","14,295,000",
"1737","臺鹽","","26,000","816,500","819,300",
"1752","南光","","1,000","36,400","36,250",
"1760","寶齡富錦","Y","11,000","677,900","678,800",
"1762","中化生","","42,000","1,217,250","1,217,450",
"1773","勝一","Y","174,000","26,124,500","26,093,000",
"1776","展宇","","22,000","356,850","357,600",
"1783","和康生","","7,000","306,800","307,450",
"1786","科妍","","53,000","3,447,600","3,445,300",
"1789","神隆","","231,000","4,980,450","5,018,250",
"1795","美時","","2,955,000","629,106,500","629,955,000",
"1802","台玻","","39,003,000","2,286,426,800","2,294,777,000",
"1805","寶徠","","26,000","292,200","298,100",
"1806","冠軍","","13,000","111,890","112,190",
"1808","潤隆","","575,000","18,043,900","18,056,900",
"1809","中釉","","20,993,000","708,492,650","709,544,500",
"1810","和成","","177,000","3,166,150","3,176,500",
"1817","凱撒衛","","0","0","0",
"1903","士紙","","20,000","986,050","987,400",
"1904","正隆","","332,000","5,848,300","5,873,000",
"1905","華紙","","407,000","4,799,350","4,818,800",
"1906","寶隆","","41,000","458,900","461,650",
"1907","永豐餘","","102,000","2,451,450","2,454,650",
"1909","榮成","","285,000","2,620,310","2,630,560",
"2002","中鋼","Y","23,335,000","454,259,700","454,944,750",
"2006","東和鋼鐵","Y","1,204,000","85,019,100","84,773,800",
"2008","高興昌","","1,000","27,850","27,850",
"2009","第一銅","","636,000","26,624,050","26,630,600",
"2010","春源","","1,078,000","27,297,500","27,423,850",
"2012","春雨","","41,000","676,850","681,250",
"2013","中鋼構","","134,000","6,022,550","6,022,750",
"2014","中鴻","Y","3,886,000","74,612,100","75,381,050",
"2015","豐興","","94,000","6,420,600","6,453,400",
"2017","官田鋼","Y","1,973,000","20,662,500","21,052,300",
"2020","美亞","","186,000","4,536,250","4,532,850",
"2023","燁輝","","1,108,000","16,216,050","16,226,250",
"2024","志聯","","4,000","59,650","61,200",
"2027","大成鋼","","14,406,000","548,484,200","548,431,950",
"2028","威致","","1,024,000","19,379,650","19,186,300",
"2029","盛餘","","120,000","2,499,650","2,506,550",
"2030","彰源","","1,866,000","30,611,100","30,929,200",
"2031","新光鋼","Y","815,000","33,296,400","33,100,900",
"2032","新鋼","","660,000","10,788,100","10,957,850",
"2033","佳大","","146,000","2,336,750","2,318,300",
"2034","允強","","892,000","18,360,750","18,389,950",
"2038","海光","","1,003,000","16,002,600","16,163,300",
"2049","上銀","","1,162,000","262,269,000","262,824,000",
"2059","川湖","","382,000","1,321,055,000","1,334,325,000",
"2062","橋椿","","47,000","955,850","952,350",
"2069","運錩","","184,000","3,494,300","3,500,950",
"2101","南港","","1,444,000","50,932,650","51,429,150",
"2102","泰豐","Y","53,000","1,015,800","1,024,400",
"2103","台橡","","4,280,000","90,711,300","91,183,700",
"2104","國際中橡","","2,615,000","33,727,800","33,703,650",
"2105","正新","","3,551,000","106,508,750","107,029,350",
"2106","建大","","140,000","2,510,550","2,538,300",
"2107","厚生","","13,000","326,300","326,650",
"2108","南帝","","1,358,000","35,318,900","35,327,800",
"2109","華豐","","4,000","60,150","60,500",
"2114","鑫永銓","Y","0","0","0",
"2115","六暉-KY","","16,000","341,750","343,050",
"2201","裕隆","","904,000","25,003,800","25,153,500",
"2204","中華","","325,000","17,882,400","17,919,700",
"2206","三陽工業","","252,000","14,581,500","14,615,900",
"2207","和泰車","","83,000","40,196,000","40,683,000",
"2211","長榮鋼","","185,000","18,628,000","18,697,500",
"2228","劍麟","","27,000","2,395,100","2,403,500",
"2231","為升","","48,000","3,901,800","3,908,300",
"2233","宇隆","","468,000","110,224,500","110,970,500",
"2236","百達-KY","","30,000","3,198,500","3,220,500",
"2239","英利-KY","","52,000","1,184,100","1,190,250",
"2241","艾姆勒","","534,000","17,085,400","17,121,550",
"2247","汎德永業","","6,000","1,420,500","1,418,500",
"2248","華勝-KY","","2,000","100,150","100,700",
"2250","IKKA-KY","","18,000","1,154,700","1,155,500",
"2254","巨鎧精密-創","","3,000","209,500","209,900",
"2258","鴻華先進-創","Y","254,000","7,754,450","7,861,100",
"2301","光寶科","Y","1,501,000","239,975,000","239,600,500",
"2302","麗正","Y","157,000","3,021,400","2,976,350",
"2303","聯電","","14,320,000","832,038,500","834,109,400",
"2305","全友","","609,000","9,051,150","9,036,850",
"2308","台達電","","5,808,000","8,498,005,000","8,553,200,000",
"2312","金寶","Y","7,858,000","192,899,000","190,599,350",
"2313","華通","","42,145,000","9,442,063,500","9,447,856,500",
"2316","楠梓電","","13,279,000","1,535,821,000","1,535,728,000",
"2317","鴻海","","15,369,000","3,110,191,500","3,116,065,000",
"2323","中環","","49,000","641,900","641,900",
"2324","仁寶","","8,926,000","292,925,400","292,720,900",
"2327","國巨*","","12,781,000","3,522,405,500","3,515,829,000",
"2328","廣宇","","810,000","37,360,650","37,268,100",
"2329","華泰","","63,134,000","4,010,202,500","4,010,031,500",
"2330","台積電","","12,717,000","23,465,065,000","23,500,800,000",
"2331","精英","","696,000","16,434,300","16,480,700",
"2332","友訊","Y","324,000","5,023,200","5,013,950",
"2338","光罩","","6,922,000","363,835,200","363,469,600",
"2340","台亞","","1,756,000","50,798,400","50,873,200",
"2342","茂矽","Y","467,000","15,388,550","15,224,300",
"2344","華邦電","","118,696,000","13,671,575,000","13,679,114,000",
"2345","智邦","","3,169,000","5,150,280,000","5,165,025,000",
"2347","聯強","","1,515,000","117,810,600","117,928,400",
"2348","海悅","","1,159,000","98,674,100","98,363,300",
"2351","順德","Y","500,000","46,352,800","46,218,800",
"2352","佳世達","","1,115,000","27,220,600","27,236,450",
"2353","宏碁","","11,352,000","319,864,700","319,932,900",
"2354","鴻準","","639,000","33,859,600","33,904,900",
"2355","敬鵬","","8,059,000","377,654,700","378,177,650",
"2356","英業達","","4,003,000","172,089,500","172,215,300",
"2357","華碩","","1,344,000","779,807,000","782,680,000",
"2359","所羅門","","206,000","23,808,000","23,794,000",
"2360","致茂","","2,199,000","3,475,625,000","3,506,050,000",
"2362","藍天","","138,000","5,346,600","5,337,900",
"2363","矽統","","1,923,000","99,065,400","99,310,600",
"2364","倫飛","","8,000","507,800","511,500",
"2365","昆盈","","660,000","22,827,000","22,711,250",
"2367","燿華","","70,829,000","5,224,366,100","5,221,904,800",
"2368","金像電","","11,859,000","11,670,008,000","11,716,241,000",
"2369","菱生","","64,602,000","2,242,663,050","2,241,202,400",
"2371","大同","","3,434,000","106,316,100","106,713,450",
"2373","震旦行","","1,000","56,300","56,600",
"2374","佳能","","628,000","44,348,800","44,349,800",
"2375","凱美","Y","258,000","21,436,800","21,135,100",
"2376","技嘉","","2,148,000","531,869,500","533,538,000",
"2377","微星","","1,791,000","167,838,100","167,859,700",
"2379","瑞昱","","651,000","310,074,000","311,646,500",
"2382","廣達","","2,904,000","825,828,000","825,645,000",
"2383","台光電","","2,104,000","5,918,425,000","5,942,375,000",
"2385","群光","","2,937,000","353,204,000","359,427,000",
"2387","精元","","692,000","31,878,150","32,014,250",
"2388","威盛","","2,469,000","129,234,850","131,137,700",
"2390","云辰","","590,000","6,501,850","6,520,100",
"2392","正崴","","311,000","11,506,400","11,500,750",
"2393","億光","","1,717,000","117,979,100","118,534,500",
"2395","研華","","1,027,000","351,092,000","352,443,500",
"2397","友通","","31,000","1,698,500","1,701,100",
"2399","映泰","","22,562,000","821,335,950","823,966,000",
"2401","凌陽","","1,278,000","27,153,450","27,191,100",
"2402","毅嘉","","2,907,000","151,681,900","151,514,300",
"2404","漢唐","","2,200,000","2,041,646,000","2,044,352,000",
"2405","輔信","","3,825,000","61,216,200","62,117,150",
"2406","國碩","","15,876,000","575,786,000","579,417,750",
"2408","南亞科","Y","48,195,000","11,762,113,000","11,535,106,000",
"2409","友達","","37,637,000","587,302,550","588,211,350",
"2412","中華電","","4,681,000","630,958,500","632,853,500",
"2413","環科","","2,418,000","139,217,600","139,779,900",
"2414","精技","","7,000","308,200","308,150",
"2415","錩新","","216,000","6,369,200","6,381,950",
"2417","圓剛","","81,000","2,901,550","2,903,300",
"2419","仲琦","Y","1,185,000","37,542,400","37,245,750",
"2420","新巨","Y","29,000","1,523,600","1,524,200",
"2421","建準","Y","1,196,000","172,234,000","172,066,000",
"2423","固緯","","44,000","2,142,500","2,152,050",
"2425","承啟","","119,000","3,708,000","3,696,250",
"2427","三商電","","94,000","2,249,950","2,252,650",
"2428","興勤","","89,000","14,444,500","14,449,500",
"2430","燦坤","Y","1,000","22,100","22,200",
"2431","聯昌","Y","352,000","4,591,850","4,593,100",
"2432","倚天酷碁-創","Y","1,000","28,100","28,250",
"2433","互盛電","","4,000","184,300","184,400",
"2434","統懋","","0","0","0",
"2436","偉詮電","","3,634,000","238,723,200","239,789,300",
"2439","美律","","394,000","33,243,200","33,543,200",
"2441","超豐","","7,760,000","743,813,900","749,468,400",
"2442","新美齊","","1,369,000","28,736,350","28,743,050",
"2449","京元電子","","8,198,000","2,506,495,500","2,515,810,000",
"2450","神腦","","11,000","322,700","324,150",
"2451","創見","","15,244,000","4,667,797,000","4,678,189,500",
"2453","凌群","","124,000","6,866,600","6,880,100",
"2454","聯發科","","2,166,000","3,653,200,000","3,671,945,000",
"2455","全新","","16,992,000","3,984,992,000","3,980,073,500",
"2457","飛宏","","820,000","22,888,400","22,870,900",
"2458","義隆","","1,259,000","171,668,000","172,442,500",
"2459","敦吉","","3,000","197,300","197,100",
"2461","光群雷","Y","40,000","663,850","666,500",
"2462","良得電","","60,000","1,368,150","1,367,600",
"2464","盟立","","1,758,000","133,091,000","133,234,900",
"2466","冠西電","","208,000","11,023,700","10,974,200",
"2467","志聖","Y","876,000","335,892,500","330,719,500",
"2468","華經","","828,000","34,007,350","34,017,500",
"2471","資通","","72,000","3,844,600","3,841,100",
"2472","立隆電","","2,718,000","352,793,500","353,315,000",
"2474","可成","","385,000","71,728,000","72,057,000",
"2476","鉅祥","","824,000","70,234,500","70,370,400",
"2477","美隆電","","10,000","244,850","244,950",
"2478","大毅","","1,260,000","88,774,500","89,992,700",
"2480","敦陽科","","8,000","1,140,000","1,141,500",
"2481","強茂","","11,731,000","1,145,035,300","1,149,571,600",
"2482","連宇","","11,000","176,350","177,500",
"2483","百容","","28,000","597,100","595,200",
"2484","希華","","764,000","21,706,550","21,747,850",
"2488","漢平","","7,000","337,750","337,400",
"2489","瑞軒","","66,168,000","2,695,776,050","2,641,518,250",
"2491","吉祥全","","272,000","4,766,050","4,695,200",
"2492","華新科","","4,425,000","600,024,000","599,308,000",
"2493","揚博","","850,000","100,158,500","100,634,000",
"2495","普安","","32,624,000","1,301,253,950","1,306,987,200",
"2496","卓越","","2,000","137,300","137,200",
"2497","怡利電","","49,000","2,075,750","2,096,300",
"2498","宏達電","","2,492,000","103,569,800","103,806,400",
"2501","國建","","1,691,000","40,407,600","40,356,700",
"2504","國產","","480,000","18,199,500","18,241,450",
"2505","國揚","","127,000","2,487,200","2,482,650",
"2506","太設","","23,000","203,230","206,790",
"2509","全坤建","","24,000","343,650","348,600",
"2511","太子","","312,000","2,557,210","2,559,150",
"2514","龍邦","","19,000","258,450","260,500",
"2515","中工","Y","1,444,000","20,727,700","20,696,000",
"2520","冠德","","1,459,000","47,632,350","48,002,150",
"2524","京城","","129,000","5,195,950","5,210,250",
"2527","宏璟","","46,000","1,379,350","1,381,800",
"2528","皇普","","151,000","4,126,400","4,127,600",
"2530","華建","","187,000","4,700,650","4,722,900",
"2534","宏盛","","142,000","2,844,000","2,842,900",
"2535","達欣工","","66,000","4,830,500","4,846,800",
"2536","宏普","","83,000","1,874,300","1,885,600",
"2537","聯上發","","668,000","6,991,650","6,967,050",
"2538","基泰","","54,000","552,000","551,700",
"2539","櫻花建","","224,000","10,968,100","10,906,150",
"2540","愛山林","","640,000","30,331,050","30,331,350",
"2542","興富發","","1,295,000","47,261,800","47,185,850",
"2543","皇昌","","2,889,000","193,836,600","193,290,100",
"2545","皇翔","","120,000","4,429,500","4,441,850",
"2546","根基","Y","6,000","501,400","502,700",
"2547","日勝生","","546,000","6,014,850","6,019,350",
"2548","華固","","942,000","112,774,000","112,915,000",
"2597","潤弘","","53,000","8,109,000","8,174,000",
"2603","長榮","","2,533,000","544,701,500","544,457,000",
"2605","新興","","27,906,000","1,174,324,850","1,178,360,600",
"2606","裕民","Y","965,000","58,087,600","57,373,100",
"2607","榮運","","60,000","3,154,000","3,150,500",
"2608","嘉里大榮","","50,000","1,547,500","1,546,200",
"2609","陽明","","8,266,000","460,810,600","462,594,400",
"2610","華航","","3,236,000","60,488,850","60,703,400",
"2611","志信","","21,000","309,600","310,650",
"2612","中航","","226,000","13,059,900","13,106,600",
"2613","中櫃","Y","62,000","1,506,750","1,495,750",
"2614","東森","Y","89,000","1,810,750","1,809,750",
"2615","萬海","","2,745,000","215,442,100","216,051,700",
"2617","台航","","126,000","3,971,000","3,981,000",
"2618","長榮航","","12,080,000","418,077,200","419,448,950",
"2630","亞航","Y","229,000","11,372,300","11,329,700",
"2633","台灣高鐵","","402,000","10,522,200","10,581,700",
"2634","漢翔","Y","562,000","28,068,500","28,011,550",
"2636","台驊控股","","59,000","4,120,700","4,116,000",
"2637","慧洋-KY","Y","459,000","32,370,500","32,290,800",
"2642","宅配通","","3,000","70,950","71,100",
"2645","長榮航太","","261,000","39,940,500","40,016,000",
"2646","星宇航空","","342,000","7,321,400","7,321,350",
"2701","萬企","","4,000","42,900","42,800",
"2702","華園","Y","0","0","0",
"2704","國賓","","14,000","593,000","593,350",
"2705","六福","","10,000","163,500","163,500",
"2706","第一店","","0","0","0",
"2707","晶華","","7,000","1,295,000","1,297,000",
"2712","遠雄來","Y","12,000","182,100","183,150",
"2722","夏都","","5,000","116,000","116,800",
"2723","美食-KY","","180,000","12,782,700","12,837,000",
"2727","王品","","17,000","3,818,500","3,829,000",
"2731","雄獅","Y","28,000","4,737,500","4,728,000",
"2739","寒舍","","1,000","33,850","33,950",
"2748","雲品","","6,000","236,600","237,550",
"2753","八方雲集","","78,000","14,252,500","14,257,000",
"2762","世界健身-KY","Y","2,000","146,700","146,800",
"2801","彰銀","","3,102,000","63,876,500","63,836,900",
"2812","台中銀","","844,000","17,260,150","17,307,850",
"2816","旺旺保","","6,000","185,450","185,350",
"2820","華票","","72,000","1,206,000","1,206,600",
"2832","台產","","20,000","946,800","948,800",
"2834","臺企銀","","3,325,000","49,962,450","50,059,750",
"2836","高雄銀","","448,000","5,450,450","5,480,800",
"2838","聯邦銀","","170,000","3,421,550","3,423,850",
"2845","遠東銀","Y","707,000","8,727,500","8,756,400",
"2849","安泰銀","","1,000","12,950","13,000",
"2850","新產","Y","22,000","2,562,500","2,576,000",
"2851","中再保","Y","116,000","3,531,050","3,534,850",
"2852","第一保","","18,000","463,800","464,400",
"2855","統一證","","973,000","31,789,700","31,888,250",
"2867","三商壽","","1,033,000","7,822,300","7,830,070",
"2880","華南金","","5,053,000","168,675,700","168,993,200",
"2881","富邦金","","6,355,000","560,228,900","563,316,100",
"2882","國泰金","","7,358,000","529,406,900","530,600,400",
"2883","凱基金","","9,878,000","198,159,950","198,481,750",
"2884","玉山金","","13,170,000","416,208,200","417,360,550",
"2885","元大金","","7,118,000","314,518,550","314,901,450",
"2886","兆豐金","","3,884,000","150,650,200","151,063,000",
"2887","台新新光金","","20,093,000","494,598,100","495,144,700",
"2887I","台新新光辛特","","150,000","1,399,510","1,400,530",
"2889","國票金","","538,000","8,753,700","8,767,750",
"2890","永豐金","","14,118,000","454,390,750","455,203,200",
"2891","中信金","","5,100,000","264,969,900","265,326,200",
"2892","第一金","","6,492,000","185,473,900","186,336,900",
"2897","王道銀行","","241,000","2,377,670","2,385,480",
"2901","欣欣","","0","0","0",
"2903","遠百","","135,000","3,132,700","3,135,400",
"2904","匯僑","","0","0","0",
"2905","三商","","156,000","2,216,450","2,215,000",
"2906","高林","","5,000","65,750","65,700",
"2908","特力","","2,000","39,950","39,950",
"2910","統領","","1,000","20,950","21,300",
"2912","統一超","Y","1,095,000","235,732,500","236,990,500",
"2913","農林","","523,000","6,530,150","6,568,450",
"2915","潤泰全","","523,000","25,327,300","25,362,050",
"2929","淘帝-KY","","16,000","103,950","104,220",
"2939","永邑-KY","","5,000","128,250","130,900",
"3002","歐格","","95,000","1,920,200","1,924,200",
"3003","健和興","","226,000","11,622,300","11,669,250",
"3004","豐達科","","20,000","2,078,500","2,085,000",
"3005","神基","Y","1,594,000","207,704,500","207,126,500",
"3008","大立光","Y","191,000","451,280,000","450,510,000",
"3010","華立","","525,000","69,332,000","69,557,500",
"3011","今皓","","276,000","3,572,800","3,595,700",
"3013","晟銘電","","596,000","58,722,800","58,866,400",
"3014","聯陽","","120,000","14,148,500","14,185,500",
"3015","全漢","","76,000","3,901,100","3,902,500",
"3016","嘉晶","","1,201,000","76,191,800","76,433,500",
"3017","奇鋐","","3,618,000","7,238,685,000","7,272,130,000",
"3019","亞光","","546,000","72,372,000","72,390,500",
"3021","鴻名","","6,000","98,950","99,050",
"3022","威強電","Y","1,650,000","116,518,900","114,970,000",
"3023","信邦","","813,000","214,653,000","218,379,500",
"3024","憶聲","","129,000","1,376,800","1,382,350",
"3025","星通","","570,000","36,185,800","36,194,800",
"3026","禾伸堂","Y","1,372,000","167,144,000","165,713,000",
"3027","盛達","Y","82,000","1,685,700","1,682,300",
"3028","增你強","","3,989,000","223,160,200","223,565,000",
"3029","零壹","Y","293,000","31,967,500","31,657,500",
"3030","德律","","2,523,000","664,326,000","664,181,500",
"3031","佰鴻","","997,000","22,912,200","22,977,500",
"3032","偉訓","","291,000","19,125,900","19,167,400",
"3033","威健","","18,209,000","669,911,550","672,635,950",
"3034","聯詠","","1,310,000","496,584,000","500,719,500",
"3035","智原","Y","761,000","122,463,500","121,344,000",
"3036","文曄","","4,201,000","1,059,241,500","1,064,243,500",
"3038","全台","Y","21,000","457,300","458,800",
"3040","遠見","","35,000","1,706,250","1,711,950",
"3041","揚智","","176,000","4,195,650","4,254,500",
"3042","晶技","","452,000","42,247,000","42,346,600",
"3043","科風","","8,000","168,700","170,450",
"3044","健鼎","","1,887,000","689,964,500","689,713,500",
"3045","台灣大","","1,250,000","136,062,500","136,337,000",
"3046","建碁","","25,000","1,211,200","1,210,100",
"3047","訊舟","","210,000","3,498,550","3,506,800",
"3048","益登","","4,200,000","172,987,850","174,402,650",
"3050","鈺德","","575,000","8,288,350","8,317,300",
"3051","力特","","379,000","8,090,250","8,141,200",
"3052","夆典","","167,000","1,858,300","1,859,950",
"3055","蔚華科","","61,000","3,656,500","3,652,000",
"3056","富華新","","709,000","10,580,300","10,632,250",
"3059","華晶科","","254,000","9,670,750","9,683,200",
"3060","銘異","","11,948,000","414,907,200","417,118,750",
"3062","建漢","","586,000","14,118,350","14,090,100",
"3090","日電貿","Y","826,000","81,701,600","80,597,400",
"3092","鴻碩","","569,000","18,826,550","18,811,600",
"3094","聯傑","","63,000","1,505,350","1,506,550",
"3130","一零四","","0","0","0",
"3135","凌航","","39,000","6,123,000","6,123,000",
"3138","耀登","","2,119,000","381,762,500","383,409,500",
"3149","正達","","2,709,000","124,958,200","125,399,050",
"3150","鈺寶-創","","7,000","112,950","112,350",
"3164","景岳","","4,000","73,750","73,600",
"3168","眾福科","Y","0","0","0",
"3209","全科","","2,369,000","103,911,750","103,886,600",
"3231","緯創","","34,344,000","4,484,948,500","4,493,331,000",
"3257","虹冠電","Y","55,000","3,089,800","3,085,600",
"3266","昇陽","","3,000","39,850","40,400",
"3296","勝德","Y","0","0","0",
"3305","昇貿","","898,000","95,581,500","95,405,000",
"3308","聯德","","98,000","2,175,450","2,174,700",
"3311","閎暉","","25,000","819,100","818,750",
"3312","弘憶股","","426,000","16,041,100","16,106,550",
"3338","泰碩","","1,306,000","85,166,900","85,510,100",
"3346","麗清","","24,000","477,100","480,100",
"3356","奇偶","","152,000","7,750,800","7,713,200",
"3376","新日興","","5,335,000","1,209,682,000","1,213,071,000",
"3380","明泰","","1,848,000","67,307,050","67,415,650",
"3406","玉晶光","","251,000","112,520,000","112,476,000",
"3413","京鼎","","305,000","92,164,500","92,448,500",
"3416","融程電","Y","23,000","3,467,500","3,455,500",
"3443","創意","Y","1,343,000","3,598,385,000","3,595,240,000",
"3447","展達","Y","19,000","786,200","781,750",
"3450","聯鈞","","23,781,000","6,972,660,000","6,984,617,000",
"3481","群創","","244,759,000","6,548,443,150","6,553,764,150",
"3501","維熹","","8,000","389,200","388,750",
"3504","揚明光","","119,000","7,075,000","7,051,200",
"3515","華擎","","154,000","33,982,500","33,884,500",
"3518","柏騰","","206,000","4,655,700","4,669,700",
"3528","安馳","","30,000","1,887,200","1,895,500",
"3530","晶相光","Y","55,000","3,408,900","3,411,500",
"3532","台勝科","","2,788,000","411,714,500","412,337,500",
"3533","嘉澤","","953,000","1,977,320,000","1,983,210,000",
"3535","晶彩科","","4,505,000","570,320,500","571,295,000",
"3543","州巧","Y","1,728,000","91,286,800","90,093,100",
"3545","敦泰","","337,000","14,643,800","14,688,050",
"3550","聯穎","","1,509,000","29,339,600","29,490,850",
"3557","嘉威","Y","2,000","61,500","61,600",
"3563","牧德","Y","1,230,000","928,472,000","919,644,000",
"3583","辛耘","","3,180,000","1,378,946,000","1,382,298,500",
"3588","通嘉","","49,000","2,471,950","2,481,900",
"3591","艾笛森","","6,394,000","139,192,500","138,698,000",
"3592","瑞鼎","","84,000","18,019,500","18,034,000",
"3596","智易","","334,000","65,610,000","66,188,500",
"3605","宏致","","376,000","23,196,900","23,149,600",
"3607","谷崧","","34,000","492,850","494,500",
"3617","碩天","","48,000","8,391,500","8,406,000",
"3622","洋華","Y","23,000","1,378,600","1,373,100",
"3645","達邁","","6,142,000","490,118,000","491,207,400",
"3652","精聯","","5,000","137,900","137,450",
"3653","健策","","477,000","1,843,435,000","1,848,720,000",
"3661","世芯-KY","","1,934,000","6,579,220,000","6,598,120,000",
"3665","貿聯-KY","","2,961,000","5,295,365,000","5,339,245,000",
"3669","圓展","","18,000","626,600","626,950",
"3673","TPK-KY","","6,597,000","303,139,200","304,593,700",
"3679","新至陞","","6,000","725,000","726,000",
"3694","海華","","196,000","11,194,600","11,169,800",
"3701","大眾控","","10,459,000","701,564,000","701,147,200",
"3702","大聯大","","9,762,000","889,872,200","893,720,300",
"3703","欣陸","","366,000","8,343,950","8,336,900",
"3704","合勤控","","512,000","17,283,000","17,411,700",
"3705","永信","","29,000","1,527,600","1,542,000",
"3706","神達","","2,886,000","236,765,700","236,853,100",
"3708","上緯投控","","805,000","97,115,000","97,273,000",
"3711","日月光投控","","6,391,000","2,204,514,500","2,207,610,500",
"3712","永崴投控","","63,000","1,471,000","1,489,300",
"3714","富采","","12,703,000","621,746,100","621,565,550",
"3715","定穎投控","","37,737,000","6,878,575,500","6,893,763,500",
"3716","中化控股","","4,000","133,200","133,100",
"3717","聯嘉投控","","532,000","10,426,800","10,570,150",
"4104","佳醫","","35,000","2,654,300","2,674,800",
"4106","雃博","","4,000","89,250","89,400",
"4119","旭富","Y","8,000","420,400","419,300",
"4133","亞諾法","","13,000","300,900","302,100",
"4137","麗豐-KY","","47,000","5,092,500","5,116,000",
"4142","國光生","","205,000","3,727,250","3,726,950",
"4148","全宇生技-KY","","14,000","578,200","578,900",
"4155","訊映","","8,000","106,800","107,700",
"4164","承業醫","","224,000","6,930,000","6,924,150",
"4190","佐登-KY","","0","0","0",
"4306","炎洲","","245,000","3,316,350","3,321,350",
"4414","如興","","91,000","1,076,550","1,083,000",
"4426","利勤","","0","0","0",
"4438","廣越","","0","0","0",
"4439","冠星-KY","","0","0","0",
"4440","宜新實業","Y","1,000","17,150","17,300",
"4441","振大環球","","9,000","1,869,000","1,876,000",
"4526","東台","","444,000","14,453,850","14,469,350",
"4532","瑞智","","257,000","6,804,900","6,809,000",
"4536","拓凱","","52,000","7,939,500","7,935,500",
"4540","全球傳動","","317,000","14,274,100","14,259,850",
"4545","銘鈺","","150,000","4,937,150","4,974,700",
"4551","智伸科","Y","66,000","8,404,500","8,409,000",
"4552","力達-KY","","7,000","149,900","149,900",
"4555","氣立","","61,000","2,252,000","2,252,750",
"4557","永新-KY","","22,000","1,350,200","1,358,500",
"4560","強信-KY","","286,000","9,480,100","9,506,400",
"4562","穎漢","","61,000","2,018,950","2,031,300",
"4564","元翎","","259,000","5,224,850","5,268,250",
"4566","時碩工業","","143,000","8,696,500","8,743,200",
"4569","六方科-KY","","198,000","29,620,500","29,841,500",
"4571","鈞興-KY","Y","41,000","6,705,500","6,699,500",
"4572","駐龍","","6,000","852,500","852,500",
"4576","大銀微系統","","213,000","25,076,500","25,199,000",
"4581","光隆精密-KY","","0","0","0",
"4583","台灣精銳","","43,000","27,598,000","27,708,000",
"4585","達明","","42,000","12,893,000","12,864,000",
"4588","玖鼎電力","","25,000","1,493,100","1,490,600",
"4720","德淵","","191,000","3,244,350","3,234,050",
"4722","國精化","Y","444,000","81,232,000","80,092,500",
"4736","泰博","","31,000","3,827,500","3,850,000",
"4737","華廣","","35,000","2,204,600","2,221,200",
"4739","康普","Y","1,743,000","147,630,900","145,943,400",
"4746","台耀","","262,000","14,297,600","14,328,800",
"4755","三福化","","476,000","70,297,000","70,430,500",
"4763","材料*-KY","","1,488,000","69,241,250","69,319,200",
"4764","雙鍵","","2,142,000","318,216,500","317,671,500",
"4766","南寶","","431,000","147,030,500","148,330,000",
"4770","上品","","155,000","35,427,500","35,431,500",
"4771","望隼","Y","123,000","24,141,500","24,247,500",
"4807","日成-KY","","1,000","16,050","16,100",
"4904","遠傳","Y","1,349,000","126,189,300","126,695,800",
"4906","正文","Y","14,642,000","506,561,500","511,885,650",
"4912","聯德控股-KY","","211,000","19,597,000","19,572,400",
"4915","致伸","","535,000","39,208,700","39,373,300",
"4916","事欣科","","2,012,000","126,360,800","126,487,400",
"4919","新唐","","16,645,000","1,780,100,000","1,786,523,500",
"4927","泰鼎-KY","","5,161,000","237,893,350","238,247,250",
"4930","燦星網","","5,000","100,350","100,650",
"4935","茂林-KY","","21,000","760,350","764,700",
"4938","和碩","","2,651,000","204,011,900","204,445,200",
"4942","嘉彰","Y","2,000","76,050","76,150",
"4949","有成精密","Y","1,876,000","133,580,000","129,180,000",
"4952","凌通","","140,000","6,020,850","6,069,850",
"4956","光鋐","","16,513,000","582,588,250","581,349,600",
"4958","臻鼎-KY","","18,177,000","3,809,935,000","3,822,751,500",
"4961","天鈺","","266,000","37,706,000","38,126,500",
"4967","十銓","","22,815,000","5,920,257,500","5,971,144,000",
"4968","立積","","1,459,000","163,036,500","164,831,000",
"4976","佳凌","","124,000","3,706,800","3,703,000",
"4977","眾達-KY","","17,791,000","3,673,881,500","3,668,440,500",
"4989","榮科","","30,072,000","2,245,056,400","2,246,471,300",
"4994","傳奇","Y","1,000","91,800","92,400",
"4999","鑫禾","","4,000","88,750","88,950",
"5007","三星","","6,000","338,500","340,000",
"5203","訊連","","45,000","2,850,400","2,860,300",
"5215","科嘉-KY","","1,000","38,100","38,250",
"5222","全訊","","217,000","29,281,000","29,342,500",
"5225","東科-KY","","69,000","6,359,300","6,362,300",
"5234","達興材料","Y","239,000","91,362,500","91,145,000",
"5243","乙盛-KY","","336,000","24,187,200","24,220,200",
"5244","弘凱","","967,000","37,177,250","37,697,450",
"5258","虹堡","","50,000","2,259,900","2,272,800",
"5269","祥碩","","382,000","456,630,000","457,915,000",
"5283","禾聯碩","","10,000","565,100","570,100",
"5284","jpp-KY","","838,000","237,344,000","239,849,000",
"5285","界霖","","54,000","2,571,400","2,566,750",
"5288","豐祥-KY","","18,000","2,517,000","2,531,000",
"5292","華懋","Y","25,000","4,941,500","4,913,500",
"5306","桂盟","Y","6,000","528,500","527,100",
"5388","中磊","","502,000","40,147,600","40,291,500",
"5434","崇越","","127,000","41,583,000","41,538,500",
"5469","瀚宇博","","1,005,000","86,953,800","87,091,800",
"5471","松翰","","300,000","12,612,650","12,658,550",
"5515","建國","","479,000","18,205,100","18,227,900",
"5519","隆大","","202,000","6,947,250","6,944,250",
"5522","遠雄","","866,000","61,878,000","62,045,700",
"5525","順天","Y","7,000","180,900","183,800",
"5533","皇鼎","","13,000","186,950","186,700",
"5534","長虹","","500,000","39,176,300","39,217,600",
"5538","東明-KY","","3,000","89,700","90,800",
"5546","永固-KY","","8,000","132,950","135,650",
"5607","遠雄港","","149,000","6,988,950","7,005,450",
"5608","四維航","","357,000","6,184,050","6,170,600",
"5706","鳳凰","","30,000","1,566,100","1,564,900",
"5871","中租-KY","","1,248,000","132,422,500","132,708,000",
"5876","上海商銀","","1,539,000","60,288,100","60,307,650",
"5880","合庫金","","2,079,000","47,777,450","47,748,100",
"5906","台南-KY","","1,000","46,900","46,900",
"5907","大洋-KY","","44,000","258,330","260,220",
"6005","群益證","","1,373,000","38,381,500","38,517,700",
"6024","群益期","","58,000","3,203,300","3,203,500",
"6108","競國","","133,000","2,241,800","2,249,400",
"6112","邁達特","","1,049,000","51,876,700","51,758,950",
"6115","鎰勝","","19,000","893,950","897,550",
"6116","彩晶","Y","3,669,000","32,401,890","32,399,650",
"6117","迎廣","","110,000","8,103,400","8,172,300",
"6120","達運","","2,988,000","41,139,150","41,382,650",
"6128","上福","","15,000","330,350","330,950",
"6133","金橋","","915,000","22,999,650","22,936,950",
"6136","富爾特","","5,000","120,100","120,000",
"6139","亞翔","Y","1,681,000","996,939,000","1,003,138,000",
"6153","嘉聯益","","2,427,000","41,880,700","42,036,900",
"6155","鈞寶","","1,146,000","57,233,350","57,167,850",
"6164","華興","","1,164,000","15,588,550","15,538,650",
"6165","浪凡","","94,000","4,540,750","4,544,050",
"6166","凌華","","88,000","5,376,400","5,402,600",
"6168","宏齊","","20,481,000","521,973,100","512,074,750",
"6176","瑞儀","","879,000","82,430,500","82,920,800",
"6177","達麗","","1,347,000","66,182,900","66,006,450",
"6183","關貿","","7,000","649,700","648,400",
"6184","大豐電","","7,000","333,250","334,150",
"6189","豐藝","","141,000","6,656,250","6,649,200",
"6191","精成科","","1,178,000","114,877,100","115,054,600",
"6192","巨路","","15,000","1,783,500","1,790,500",
"6196","帆宣","","963,000","276,519,500","277,011,000",
"6197","佳必琪","","2,683,000","525,428,000","526,440,500",
"6201","亞弘電","","2,000","102,100","102,500",
"6202","盛群","Y","1,275,000","71,719,100","71,767,000",
"6205","詮欣","","1,143,000","68,584,100","68,598,500",
"6206","飛捷","","297,000","30,417,000","30,455,000",
"6209","今國光","","2,322,000","138,336,700","138,821,800",
"6213","聯茂","","9,208,000","1,338,204,000","1,344,128,500",
"6214","精誠","","323,000","36,542,500","36,728,000",
"6215","和椿","","326,000","34,630,500","34,457,000",
"6216","居易","","26,000","677,950","679,550",
"6224","聚鼎","","25,000","1,013,050","1,011,700",
"6235","華孚","Y","132,000","6,396,050","6,394,550",
"6239","力成","","4,093,000","826,274,500","827,881,500",
"6243","迅杰","","54,000","1,688,950","1,704,850",
"6257","矽格","","1,910,000","254,976,000","255,274,000",
"6269","台郡","","1,206,000","71,898,800","72,568,500",
"6271","同欣電","Y","1,228,000","189,754,500","190,293,500",
"6277","宏正","Y","2,000","118,900","119,000",
"6278","台表科","","505,000","50,434,200","50,524,700",
"6281","全國電","Y","8,000","487,100","486,600",
"6282","康舒","","11,912,000","598,694,850","599,067,600",
"6283","淳安","","45,000","924,200","920,050",
"6285","啟碁","","16,745,000","2,957,463,000","2,968,201,500",
"6405","悅城","","73,000","2,248,600","2,241,350",
"6409","旭隼","","179,000","134,354,000","134,632,000",
"6412","群電","","187,000","14,684,100","14,694,700",
"6414","樺漢","","121,000","32,627,500","32,663,500",
"6415","矽力*-KY","","5,228,000","1,521,766,000","1,525,896,500",
"6416","瑞祺電通","","31,000","2,549,500","2,556,100",
"6426","統新","","9,805,000","1,737,853,000","1,741,448,500",
"6438","迅得","","4,388,000","728,801,000","733,992,500",
"6443","元晶","Y","14,319,000","705,408,950","696,524,000",
"6446","藥華藥","","456,000","294,340,000","294,483,000",
"6449","鈺邦","","151,000","24,505,500","24,538,000",
"6456","GIS-KY","","9,289,000","598,982,500","601,778,000",
"6464","台數科","","3,000","229,800","231,100",
"6472","保瑞","","185,000","89,684,500","89,708,500",
"6477","安集","","261,000","9,786,100","9,808,800",
"6491","晶碩","Y","73,000","20,211,000","20,383,500",
"6504","南六","","8,000","313,650","313,600",
"6505","台塑化","","9,281,000","524,292,700","525,195,400",
"6515","穎崴","","206,000","1,585,350,000","1,596,935,000",
"6525","捷敏-KY","","25,000","2,119,200","2,109,300",
"6526","達發","","197,000","100,123,000","100,404,000",
"6531","愛普*","","3,799,000","2,142,912,000","2,144,704,000",
"6533","晶心科","","505,000","91,649,500","93,011,500",
"6534","正瀚-創","","53,000","4,640,800","4,648,900",
"6541","泰福-KY","","254,000","10,908,250","10,913,650",
"6552","易華電","","53,000","1,478,550","1,477,000",
"6558","興能高","","282,000","8,338,100","8,368,850",
"6579","研揚","","17,000","1,965,000","1,970,500",
"6581","鋼聯","","3,000","331,500","333,000",
"6582","申豐","Y","2,000","64,650","64,400",
"6585","鼎基","","13,000","1,077,900","1,078,900",
"6589","台康生技","","131,000","7,401,800","7,410,900",
"6591","動力-KY","","76,000","4,824,400","4,825,900",
"6592","和潤企業","","2,856,000","183,729,000","183,747,200",
"6605","帝寶","","22,000","2,982,000","2,987,000",
"6606","建德工業","","6,000","146,300","148,200",
"6625","必應","","8,000","623,300","623,400",
"6641","基士德-KY","","1,000","18,700","18,700",
"6655","科定","","1,000","127,500","129,500",
"6657","華安","Y","45,000","2,089,100","2,084,800",
"6658","聯策","","431,000","29,767,400","29,774,500",
"6666","羅麗芬-KY","","3,000","125,400","126,200",
"6668","中揚光","","26,000","885,750","882,850",
"6669","緯穎","Y","421,000","1,599,115,000","1,600,730,000",
"6670","復盛應用","","133,000","36,952,500","37,194,000",
"6671","三能-KY","","59,000","1,850,700","1,865,900",
"6672","騰輝電子-KY","","3,027,000","368,548,500","369,650,500",
"6674","鋐寶科技","","2,000","38,350","38,400",
"6689","伊雲谷","","2,279,000","192,024,000","192,123,100",
"6691","洋基工程","","220,000","135,210,000","135,253,000",
"6695","芯鼎","","119,000","5,008,800","5,002,300",
"6698","旭暉應材","","92,000","2,989,500","2,987,550",
"6706","惠特","","2,721,000","334,911,000","334,434,500",
"6719","力智","Y","32,000","5,398,000","5,403,000",
"6742","澤米","","81,000","3,437,000","3,454,550",
"6743","安普新","","87,000","2,202,000","2,212,650",
"6753","龍德造船","","137,000","17,883,500","17,895,500",
"6754","匯僑設計","","0","0","0",
"6756","威鋒電子","","76,000","5,777,500","5,803,800",
"6757","台灣虎航","","82,000","4,322,500","4,325,100",
"6768","志強-KY","","119,000","11,231,000","11,229,700",
"6770","力積電","","381,769,000","28,627,116,500","28,679,425,800",
"6771","平和環保-創","","0","0","0",
"6776","展碁國際","","1,540,000","108,363,700","108,373,200",
"6781","AES-KY","","674,000","707,354,000","715,119,000",
"6782","視陽","","91,000","19,016,000","19,036,500",
"6789","采鈺","","4,026,000","1,426,710,500","1,429,469,000",
"6790","永豐實","","5,000","198,300","198,550",
"6792","詠業","","25,000","1,439,900","1,446,500",
"6794","向榮生技","Y","4,000","322,600","320,200",
"6796","晉弘","","8,000","588,400","587,100",
"6799","來頡","Y","13,000","1,043,900","1,034,000",
"6805","富世達","","778,000","1,533,650,000","1,538,660,000",
"6806","森崴能源","","220,000","9,059,900","9,063,900",
"6807","峰源-KY","","1,000","43,450","43,450",
"6834","天二科技","","124,000","3,929,350","3,949,050",
"6835","圓裕","","263,000","10,005,000","10,003,000",
"6838","台新藥","Y","9,000","235,350","234,600",
"6854","錼創科技-KY創","","771,000","111,203,000","111,878,500",
"6861","睿生光電","","1,045,000","166,615,000","165,003,000",
"6862","三集瑞-KY","","241,000","47,685,500","47,802,000",
"6863","永道-KY","","17,000","1,555,300","1,562,600",
"6869","雲豹能源","","260,000","25,646,900","25,627,400",
"6873","泓德能源","","557,000","55,706,600","55,579,700",
"6885","全福生技","","42,000","1,015,850","1,014,500",
"6887","寶綠特-KY","","0","0","0",
"6890","來億-KY","","229,000","39,347,000","39,591,500",
"6901","鑽石投資","","96,000","1,355,050","1,356,100",
"6902","GOGOLOOK","","4,000","305,500","307,700",
"6906","現觀科","","14,000","963,300","968,400",
"6909","創控","","516,000","24,383,650","24,350,550",
"6914","阜爾運通","","9,000","1,357,000","1,353,500",
"6916","華凌","","4,000","71,300","72,500",
"6918","愛派司","","1,000","83,800","84,800",
"6919","康霈*","Y","2,767,000","289,981,000","285,950,000",
"6923","中台","Y","92,000","7,457,400","7,478,800",
"6928","攸泰科技","","28,000","1,325,600","1,325,250",
"6931","青松健康","","32,000","1,639,500","1,646,600",
"6933","AMAX-KY","","18,000","2,340,500","2,344,500",
"6936","永鴻生技","Y","0","0","0",
"6937","天虹","","433,000","119,368,000","119,388,500",
"6944","兆聯實業","","480,000","402,323,000","401,301,000",
"6949","沛爾生醫-創","","82,000","46,333,000","46,432,000",
"6951","青新-創","Y","5,000","394,300","398,200",
"6952","大武山","Y","0","0","0",
"6957","裕慶-KY","","14,000","2,235,000","2,240,500",
"6958","日盛台駿","","18,000","309,800","311,800",
"6962","奕力-KY","","552,000","17,247,200","17,317,600",
"6965","中傑-KY","","1,000","83,100","83,100",
"6994","富威電力","Y","61,000","4,763,100","4,738,800",
"7705","三商餐飲","","8,000","284,100","284,400",
"7721","微程式","Y","0","0","0",
"7722","LINEPAY","","72,000","23,283,000","23,340,000",
"7732","金興精密","","1,000","36,150","36,150",
"7736","虎山","","23,000","1,935,300","1,938,000",
"7740","熙特爾-創","","221,000","42,297,500","42,298,000",
"7749","意騰-KY","","87,000","37,383,000","37,427,500",
"7769","鴻勁","","551,000","2,269,720,000","2,279,290,000",
"7780","大研生醫*","","409,000","7,879,350","7,853,900",
"7799","禾榮科","","182,000","73,859,000","74,568,500",
"8011","台通","Y","186,000","3,836,500","3,842,550",
"8016","矽創","Y","161,000","31,923,000","32,240,000",
"8021","尖點","","25,615,000","6,833,731,500","6,841,669,500",
"8028","昇陽半導體","Y","2,702,000","509,461,000","506,022,500",
"8033","雷虎","","1,647,000","246,206,000","248,254,500",
"8039","台虹","","14,284,000","1,709,295,000","1,711,474,000",
"8045","達運光電","","85,000","6,573,400","6,619,700",
"8046","南電","","12,149,000","6,588,723,000","6,612,392,000",
"8070","長華*","","878,000","38,518,350","38,350,100",
"8072","陞泰","","22,000","620,900","619,250",
"8081","致新","","112,000","26,601,500","26,678,500",
"8103","瀚荃","","566,000","48,335,100","48,424,300",
"8104","錸寶","","2,030,000","72,381,300","72,221,400",
"8105","凌巨","","582,000","7,956,750","7,974,700",
"8110","華東","","53,647,000","3,372,973,600","3,378,440,500",
"8112","至上","","26,125,000","2,351,046,900","2,361,406,000",
"8114","振樺電","","205,000","37,771,500","37,806,500",
"8131","福懋科","","4,519,000","300,865,400","302,606,300",
"8150","南茂","","9,302,000","587,093,500","589,146,500",
"8162","微矽電子-創","","133,000","5,203,200","5,219,600",
"8163","達方","","156,000","4,414,650","4,430,600",
"8210","勤誠","","1,136,000","1,019,959,000","1,025,297,000",
"8213","志超","","163,000","5,423,200","5,505,950",
"8215","明基材","","2,125,000","57,040,950","57,028,500",
"8222","寶一","","47,000","1,774,100","1,774,900",
"8249","菱光","Y","144,000","7,391,100","7,367,600",
"8261","富鼎","","1,967,000","216,497,500","218,208,000",
"8341","日友","","49,000","3,744,500","3,761,200",
"8367","建新國際","","0","0","0",
"8374","羅昇","Y","38,000","2,716,400","2,723,100",
"8404","百和興業-KY","","110,000","2,129,200","2,133,650",
"8411","福貞-KY","","23,000","281,100","282,400",
"8422","可寧衛*","","5,952,000","174,121,700","174,300,300",
"8429","金麗-KY","","24,000","168,820","169,660",
"8438","昶昕","","852,000","52,227,800","53,317,700",
"8442","威宏-KY","","20,000","1,082,200","1,087,700",
"8443","阿瘦","","0","0","0",
"8454","富邦媒","","139,000","24,474,500","24,660,000",
"8462","柏文","","75,000","10,658,000","10,731,500",
"8463","潤泰材","","13,000","311,350","311,800",
"8464","億豐","Y","168,000","63,945,500","64,249,500",
"8466","美吉吉-KY","","0","0","0",
"8467","波力-KY","Y","3,000","458,500","460,500",
"8473","山林水","","320,000","12,747,900","12,779,600",
"8476","台境*","Y","37,000","722,150","721,450",
"8478","東哥遊艇","","12,000","1,938,500","1,945,500",
"8481","政伸","","0","0","0",
"8482","商億-KY","","1,000","47,400","47,050",
"8487","愛爾達-創","Y","1,000","79,300","79,900",
"8488","吉源-KY","","0","0","0",
"8499","鼎炫-KY","","45,000","12,017,000","12,071,000",
"8926","台汽電","","391,000","18,109,500","18,250,300",
"8940","新天地","Y","7,000","132,000","131,950",
"8996","高力","","3,444,000","3,247,544,000","3,247,356,000",
"9103","美德醫療-DR","","638,000","3,381,930","3,390,730",
"9105","泰金寶-DR","Y","2,256,000","13,082,290","12,968,520",
"911868","同方友友-DR","","70,000","87,700","88,290",
"912000","晨訊科-DR","","32,000","80,940","81,100",
"9136","巨騰-DR","","1,492,000","15,861,000","15,891,650",
"9802","鈺齊-KY","","369,000","29,499,000","29,679,000",
"9902","台火","","33,000","483,050","484,000",
"9904","寶成","","2,276,000","65,009,050","65,122,750",
"9905","大華","","6,000","125,750","125,650",
"9906","欣巴巴","","333,000","13,790,200","13,843,850",
"9907","統一實","","671,000","12,059,900","12,079,050",
"9908","大台北","","157,000","4,745,400","4,736,700",
"9910","豐泰","","399,000","32,098,300","32,239,100",
"9911","櫻花","","41,000","3,724,900","3,729,400",
"9914","美利達","","326,000","22,146,700","22,206,300",
"9917","中保科","","173,000","19,435,500","19,566,500",
"9918","欣天然","","1,611,000","81,999,150","81,302,150",
"9919","康那香","","70,000","1,081,700","1,080,750",
"9921","巨大","","955,000","66,941,900","67,346,300",
"9924","福興","Y","6,000","272,200","271,700",
"9925","新保","","14,000","569,800","570,100",
"9926","新海","","47,000","2,364,550","2,358,700",
"9927","泰銘","","2,000","135,600","136,100",
"9928","中視","","0","0","0",
"9930","中聯資源","","18,000","1,260,300","1,260,700",
"9931","欣高","","1,451,000","61,016,800","60,432,900",
"9933","中鼎","Y","1,029,000","35,756,950","35,557,800",
"9934","成霖","","149,000","1,427,580","1,433,550",
"9935","慶豐富","Y","21,000","415,900","415,150",
"9937","全國","","12,000","677,800","679,300",
"9938","百和","","105,000","5,036,850","5,045,100",
"9939","宏全","","138,000","16,197,000","16,235,500",
"9940","信義","","137,000","2,805,100","2,820,750",
"9941","裕融","","960,000","72,823,400","74,728,000",
"9942","茂順","Y","1,000","115,500","115,500",
"9943","好樂迪","","8,000","469,600","469,400",
"9944","新麗","","4,000","65,300","66,050",
"9945","潤泰新","Y","1,109,000","29,166,600","29,078,250",
"9946","三發地產","","84,000","1,555,500","1,557,350",
"9955","佳龍","","93,000","3,131,900","3,125,500",
"9958","世紀鋼","Y","223,000","28,405,500","28,301,000",
