證券代號","證券名稱","暫停現股賣出後現款買進當沖註記","當日沖銷交易成交股數","當日沖銷交易買進成交金額","當日沖銷交易賣出成交金額",
"0050","元大台灣50","","940,000","165,915,950","166,234,000",
"0051","元大中型100","","4,000","290,950","290,600",
"0052","富邦科技","","140,000","24,378,700","24,389,300",
"0053","元大電子","","0","0","0",
"0055","元大MSCI金融","","6,000","168,750","169,340",
"0056","元大高股息","","1,739,000","61,251,590","61,204,960",
"0057","富邦摩台","","5,000","659,250","659,250",
"0061","元大寶滬深","","2,000","39,100","39,240",
"006203","元大MSCI台灣","","0","0","0",
"006204","永豐臺灣加權","","0","0","0",
"006205","富邦上証","","0","0","0",
"006206","元大上證50","","1,000","32,150","32,190",
"006207","復華滬深","","0","0","0",
"006208","富邦台50","","1,233,000","128,138,000","128,161,850",
"00631L","元大台灣50正2","","922,000","184,260,600","184,504,850",
"00632R","元大台灣50反1","","2,436,000","60,265,330","60,320,120",
"00633L","富邦上証正2","","372,000","14,673,410","14,705,300",
"00634R","富邦上証反1","","0","0","0",
"00635U","期元大S&P黃金","","317,000","11,171,620","11,163,410",
"00636","國泰中國A50","","16,000","370,130","373,350",
"00637L","元大滬深300正2","","7,415,000","118,889,660","119,127,830",
"00638R","元大滬深300反1","","0","0","0",
"00639","富邦深100","","21,000","253,310","253,660",
"00640L","富邦日本正2","","122,000","6,118,850","6,131,650",
"00641R","富邦日本反1","","93,000","574,940","573,900",
"00642U","期元大S&P石油","","119,000","2,061,130","2,060,490",
"00643","群益深証中小","","335,000","4,559,440","4,559,050",
"00645","富邦日本","","2,000","73,590","73,770",
"00646","元大S&P500","","25,000","1,462,300","1,460,200",
"00647L","元大S&P500正2","","0","0","0",
"00648R","元大S&P500反1","","124,000","684,440","682,420",
"00650L","復華香港正2","","7,281,000","115,826,640","116,173,050",
"00651R","復華香港反1","","53,000","338,430","340,450",
"00652","富邦印度","","0","0","0",
"00653L","富邦印度正2","","18,000","948,050","952,050",
"00654R","富邦印度反1","","1,000","6,960","6,950",
"00655L","國泰中國A50正2","","492,000","13,021,710","13,061,640",
"00656R","國泰中國A50反1","","0","0","0",
"00657","國泰日經225","","0","0","0",
"00660","元大歐洲50","","0","0","0",
"00661","元大日經225","","4,000","185,090","185,760",
"00662","富邦NASDAQ","","1,000","83,050","83,000",
"00663L","國泰臺灣加權正2","","0","0","0",
"00664R","國泰臺灣加權反1","","403,000","1,605,480","1,607,960",
"00665L","富邦恒生國企正2","","23,412,000","261,780,060","263,346,430",
"00666R","富邦恒生國企反1","","117,000","1,204,480","1,211,770",
"00668","國泰美國道瓊","","0","0","0",
"00669R","國泰美國道瓊反1","","10,000","69,000","69,000",
"00670L","富邦NASDAQ正2","","20,000","2,179,000","2,177,950",
"00671R","富邦NASDAQ反1","","14,000","53,480","53,600",
"00674R","期元大S&P黃金反1","","12,000","98,840","98,700",
"00675L","富邦臺灣加權正2","","438,000","34,900,050","34,980,250",
"00676R","富邦臺灣加權反1","","193,000","2,580,150","2,573,250",
"00678","群益那斯達克生技","","139,000","3,720,520","3,721,890",
"00680L","元大美債20正2","","878,000","7,108,690","7,105,450",
"00681R","元大美債20反1","","0","0","0",
"00682U","期元大美元指數","","0","0","0",
"00683L","期元大美元指正2","","0","0","0",
"00684R","期元大美元指反1","","0","0","0",
"00685L","群益臺灣加權正2","","200,000","14,243,350","14,260,150",
"00686R","群益臺灣加權反1","","884,000","2,135,620","2,144,930",
"00688L","國泰20年美債正2","","285,000","2,287,780","2,287,100",
"00689R","國泰20年美債反1","","0","0","0",
"00690","兆豐藍籌30","","104,000","3,404,520","3,404,750",
"00692","富邦公司治理","","44,000","1,817,130","1,815,720",
"00693U","期街口S&P黃豆","","5,000","101,860","101,880",
"00700","富邦恒生國企","","114,000","2,068,470","2,074,330",
"00701","國泰股利精選30","","7,000","196,100","196,330",
"00702","國泰標普低波高息","","0","0","0",
"00703","台新MSCI中國","","137,000","2,821,050","2,808,040",
"00707R","期元大S&P日圓反1","","0","0","0",
"00708L","期元大S&P黃金正2","","213,000","11,470,100","11,447,200",
"00709","富邦歐洲","","24,000","776,360","776,400",
"00710B","復華彭博非投等債","","1,000","20,040","20,050",
"00711B","復華彭博新興債","","1,000","16,580","16,590",
"00712","復華富時不動產","","128,000","1,253,510","1,254,620",
"00713","元大台灣高息低波","","146,000","7,717,300","7,710,400",
"00714","群益道瓊美國地產","","101,000","2,202,790","2,202,790",
"00715L","期街口S&P布蘭特油正2","","608,000","8,753,630","8,764,320",
"00717","富邦美國特別股","","0","0","0",
"00728","第一金工業30","","13,000","381,560","382,010",
"00730","富邦臺灣優質高息","","3,000","67,680","67,930",
"00731","復華富時高息低波","","505,000","33,734,300","33,734,000",
"00733","富邦臺灣中小","","291,000","12,646,340","12,623,940",
"00735","國泰臺韓科技","","50,000","1,571,500","1,571,500",
"00736","國泰新興市場","","50,000","1,209,500","1,209,520",
"00737","國泰AI機器人","","0","0","0",
"00738U","期元大道瓊白銀","","8,000","240,430","240,580",
"00739","元大MSCI A股","","5,000","115,150","115,550",
"00752","中信中國50","","254,000","6,462,160","6,461,000",
"00753L","中信中國50正2","","14,387,000","163,214,710","163,576,040",
"00757","統一FANG+","","22,000","2,033,700","2,033,300",
"00762","元大全球AI","","25,000","1,541,800","1,542,500",
"00763U","期街口道瓊銅","","5,000","150,030","150,460",
"00770","國泰北美科技","","12,000","511,830","512,120",
"00771","元大US高息特別股","","0","0","0",
"00775B","新光投等債15+","","0","0","0",
"00783","富邦中証500","","10,000","206,300","206,300",
"00830","國泰費城半導體","","414,000","15,178,790","15,174,410",
"00850","元大臺灣ESG永續","","36,000","1,510,780","1,508,980",
"00851","台新全球AI","","152,000","6,809,560","6,809,640",
"00852L","國泰美國道瓊正2","","21,000","535,580","535,860",
"00861","元大全球未來通訊","","2,000","84,540","85,010",
"00865B","國泰US短期公債","","50,000","2,423,500","2,423,500",
"00875","國泰網路資安","","1,000","36,970","36,960",
"00876","元大全球5G","","36,000","1,275,740","1,275,020",
"00878","國泰永續高股息","","3,471,000","74,192,840","74,077,300",
"00881","國泰台灣5G+","","4,934,000","107,699,800","107,865,940",
"00882","中信中國高股息","","406,000","5,490,330","5,494,830",
"00885","富邦越南","","277,000","3,493,400","3,495,630",
"00891","中信關鍵半導體","","301,000","5,022,420","5,020,610",
"00892","富邦台灣半導體","","186,000","2,927,130","2,926,110",
"00893","國泰智能電動車","","81,000","1,789,730","1,790,930",
"00894","中信小資高價30","","349,000","6,258,250","6,268,790",
"00895","富邦未來車","","38,000","1,058,270","1,059,530",
"00896","中信綠能及電動車","","51,000","789,520","790,350",
"00897","富邦基因免疫生技","","244,000","1,720,520","1,723,120",
"00898","國泰基因免疫革命","","68,000","458,590","460,000",
"00899","FT潔淨能源","","0","0","0",
"00900","富邦特選高股息30","","102,000","1,395,860","1,396,610",
"00901","永豐智能車供應鏈","","2,000","37,360","37,460",
"00902","中信電池及儲能","","42,000","360,980","361,210",
"00903","富邦元宇宙","","1,000","13,990","13,990",
"00904","新光臺灣半導體30","","232,000","3,945,740","3,950,240",
"00905","FT臺灣SMART","","93,000","1,187,940","1,187,640",
"00907","永豐優息存股","","345,000","5,334,800","5,330,960",
"00908","富邦入息REITs+","","148,000","1,979,760","1,980,240",
"00909","國泰數位支付服務","","223,000","5,878,650","5,883,030",
"00910","第一金太空衛星","","0","0","0",
"00911","兆豐洲際半導體","","100,000","2,256,000","2,256,000",
"00912","中信臺灣智慧50","","72,000","1,279,560","1,279,980",
"00913","兆豐台灣晶圓製造","","0","0","0",
"00915","凱基優選高股息30","","219,000","5,123,340","5,144,590",
"00916","國泰全球品牌50","","6,000","143,400","143,690",
"00917","中信特選金融","","218,000","4,799,990","4,799,990",
"00918","大華優利高填息30","","1,802,000","39,623,870","39,556,550",
"00919","群益台灣精選高息","","5,127,000","115,912,370","115,885,890",
"00920","富邦ESG綠色電力","","0","0","0",
"00921","兆豐龍頭等權重","","0","0","0",
"00922","國泰台灣領袖50","","619,000","12,097,900","12,095,100",
"00923","群益台ESG低碳50","","97,000","1,939,550","1,938,380",
"00924","復華S&P500成長","","23,000","536,350","536,570",
"00925","新光標普電動車","","100,000","1,673,000","1,673,000",
"00926","凱基全球菁英55","","1,000","20,780","20,780",
"00927","群益半導體收益","","960,000","16,676,200","16,677,680",
"00929","復華台灣科技優息","","619,000","11,119,040","11,121,450",
"00930","永豐ESG低碳高息","","1,000","17,470","17,440",
"00932","兆豐永續高息等權","","178,000","2,664,060","2,664,000",
"00934","中信成長高股息","","114,000","2,016,440","2,018,650",
"00935","野村臺灣新科技50","","184,000","3,683,880","3,692,960",
"00936","台新永續高息中小","","277,000","4,143,100","4,141,430",
"00938","凱基優選30","","108,000","1,527,250","1,526,770",
"00939","統一台灣高息動能","Y","366,000","5,091,430","5,084,930",
"00940","元大台灣價值高息","","5,365,000","49,344,870","49,280,350",
"00941","中信上游半導體","","15,000","195,350","195,450",
"00943","兆豐電子高息等權","","124,000","1,740,350","1,743,360",
"00944","野村趨勢動能高息","","4,000","57,960","58,060",
"00945B","凱基美國非投等債","","23,000","352,930","352,880",
"00946","群益科技高息成長","Y","394,000","3,647,440","3,647,670",
"00947","台新臺灣IC設計","","228,000","2,993,040","2,994,560",
"00949","復華日本龍頭","","35,000","551,940","555,430",
"00951","台新日本半導體","","18,000","134,790","134,940",
"00952","凱基台灣AI50","","330,000","2,975,920","2,980,700",
"00953B","群益優選非投等債","Y","1,776,000","18,183,410","18,171,100",
"00954","中信日本半導體","","255,000","2,010,900","2,009,410",
"00956","中信日經高股息","","0","0","0",
"00960","野村全球航運龍頭","","2,000","28,270","28,280",
"00961","FT臺灣永續高息","","125,000","1,202,510","1,199,660",
"00962","台新AI優息動能","","845,000","7,612,870","7,613,490",
"00963","中信全球高股息","","205,000","2,210,180","2,211,140",
"00964","中信亞太高股息","","105,000","1,063,650","1,066,800",
"00965","元大航太防衛科技","","206,000","3,413,690","3,418,780",
"00971","野村美國研發龍頭","","29,000","390,780","391,500",
"00972","野村日本動能高息","","4,000","62,250","62,370",
"009800","中信NASDAQ","","497,000","4,478,410","4,482,700",
"009801","中信美國創新科技","","367,000","3,121,790","3,123,710",
"009802","富邦旗艦50","","260,000","2,495,090","2,498,320",
"009803","保德信市值動能50","","393,000","3,727,530","3,724,580",
"1101","台泥","","1,232,000","39,950,750","39,976,300",
"1102","亞泥","","1,137,000","53,416,800","53,570,800",
"1103","嘉泥","","26,000","413,000","414,650",
"1104","環泥","","30,000","885,150","886,450",
"1108","幸福","","6,000","88,350","88,600",
"1109","信大","","0","0","0",
"1110","東泥","","208,000","3,904,000","3,926,600",
"1201","味全","","3,000","52,950","53,000",
"1203","味王","","2,000","75,250","75,850",
"1210","大成","","184,000","10,645,600","10,672,900",
"1215","卜蜂","","14,000","1,408,500","1,407,500",
"1216","統一","","804,000","65,903,200","65,992,700",
"1217","愛之味","","59,000","697,850","699,750",
"1218","泰山","","81,000","1,664,600","1,669,800",
"1219","福壽","","5,000","72,850","72,800",
"1220","台榮","","84,000","1,235,400","1,235,800",
"1225","福懋油","","4,760,000","138,652,950","139,630,150",
"1227","佳格","","63,000","2,202,450","2,219,800",
"1229","聯華","","129,000","6,463,900","6,471,550",
"1231","聯華食","","86,000","11,152,500","11,193,000",
"1232","大統益","","2,000","301,000","301,000",
"1233","天仁","","0","0","0",
"1234","黑松","","4,000","160,850","160,950",
"1235","興泰","","4,000","412,500","415,500",
"1236","宏亞","","0","0","0",
"1256","鮮活果汁-KY","","1,000","131,500","133,500",
"1301","台塑","","3,905,000","147,642,750","147,962,500",
"1303","南亞","","3,184,000","98,961,750","99,183,150",
"1304","台聚","","542,000","5,986,400","6,006,450",
"1305","華夏","","186,000","2,278,250","2,286,150",
"1307","三芳","","365,000","15,928,600","16,022,650",
"1308","亞聚","","126,000","1,720,500","1,724,750",
"1309","台達化","","175,000","2,307,450","2,310,050",
"1310","台苯","","106,000","1,046,130","1,047,430",
"1312","國喬","","912,000","9,710,650","9,726,150",
"1313","聯成","","458,000","4,209,730","4,217,760",
"1314","中石化","","995,000","7,501,120","7,505,110",
"1315","達新","","1,000","69,500","70,300",
"1316","上曜","","37,218,000","647,187,950","648,371,950",
"1319","東陽","","1,499,000","197,522,000","198,036,500",
"1321","大洋","Y","23,000","848,750","851,050",
"1323","永裕","Y","1,000","22,700","22,650",
"1324","地球","","1,000","12,250","12,250",
"1325","恆大","","52,000","1,404,800","1,405,600",
"1326","台化","","3,079,000","83,871,300","84,016,050",
"1337","再生-KY","","36,000","222,500","224,080",
"1338","廣華-KY","","3,000","83,350","84,850",
"1339","昭輝","","4,000","218,400","221,000",
"1340","勝悅-KY","","2,000","16,530","16,580",
"1342","八貫","","465,000","46,524,000","46,658,100",
"1402","遠東新","","1,530,000","51,798,200","51,822,150",
"1409","新纖","","100,000","1,391,050","1,389,750",
"1410","南染","","13,000","459,600","459,350",
"1414","東和","Y","56,000","1,152,700","1,151,850",
"1416","廣豐","","27,000","338,150","338,750",
"1417","嘉裕","","40,000","362,160","363,550",
"1418","東華","","2,000","52,300","52,100",
"1419","新紡","","9,000","387,300","387,400",
"1423","利華","","0","0","0",
"1434","福懋","","334,000","6,008,600","6,017,800",
"1436","華友聯","","63,000","7,957,500","7,978,000",
"1437","勤益控","Y","1,000","33,750","33,850",
"1438","三地開發","","10,000","434,150","434,700",
"1439","雋揚","","5,000","159,350","160,400",
"1440","南紡","","110,000","1,497,200","1,499,900",
"1442","名軒","","282,000","22,975,000","22,981,100",
"1443","立益物流","","0","0","0",
"1444","力麗","","65,000","521,760","522,970",
"1445","大宇","","1,000","15,400","15,450",
"1446","宏和","","91,000","2,838,950","2,845,550",
"1447","力鵬","","57,000","399,260","399,340",
"1449","佳和","","306,000","5,037,350","5,044,050",
"1451","年興","","53,000","1,140,750","1,139,500",
"1452","宏益","","3,000","44,200","44,650",
"1453","大將","","19,000","313,450","314,550",
"1454","台富","","0","0","0",
"1455","集盛","","88,000","824,750","830,030",
"1456","怡華","","14,000","206,300","205,600",
"1457","宜進","","4,000","79,250","79,200",
"1463","強盛新","","113,000","3,016,700","3,011,700",
"1464","得力","","385,000","6,835,650","6,828,600",
"1465","偉全","","3,000","43,450","43,500",
"1466","聚隆","","268,000","4,637,450","4,636,750",
"1467","南緯","","19,000","180,810","182,670",
"1470","大統新創","","0","0","0",
"1472","三洋實業","","74,000","7,429,500","7,365,500",
"1473","台南","","61,000","2,207,200","2,207,100",
"1474","弘裕","","32,000","450,200","452,650",
"1475","業旺","","2,000","109,500","110,100",
"1476","儒鴻","","290,000","128,455,500","129,243,500",
"1477","聚陽","","184,000","57,852,500","58,032,000",
"1503","士電","","2,363,000","366,454,000","367,147,000",
"1504","東元","Y","642,000","32,103,200","31,891,850",
"1513","中興電","","6,565,000","892,099,000","893,286,500",
"1514","亞力","","6,698,000","700,875,100","705,158,600",
"1515","力山","","86,000","2,742,400","2,753,650",
"1516","川飛","","56,000","864,400","875,550",
"1517","利奇","","13,000","173,600","173,700",
"1519","華城","","9,039,000","4,019,589,500","4,022,343,000",
"1521","大億","","5,000","141,350","141,150",
"1522","堤維西","","143,000","7,759,000","7,787,500",
"1524","耿鼎","","1,376,000","57,528,400","57,609,400",
"1525","江申","","23,000","1,492,200","1,510,100",
"1526","日馳","","2,000","47,500","47,900",
"1527","鑽全","","29,000","1,179,600","1,177,950",
"1528","恩德","","602,000","9,108,600","9,105,400",
"1529","樂事綠能","","1,610,000","40,445,750","40,431,300",
"1530","亞崴","","11,000","348,350","348,050",
"1531","高林股","","12,000","160,350","160,100",
"1532","勤美","","103,000","3,036,500","3,035,000",
"1533","車王電","","15,000","522,450","523,350",
"1535","中宇","","2,000","116,100","116,900",
"1536","和大","","2,621,000","165,950,600","166,445,000",
"1537","廣隆","","6,000","910,000","911,000",
"1539","巨庭","","32,000","687,600","686,100",
"1540","喬福","","232,000","7,508,850","7,505,350",
"1541","錩泰","Y","0","0","0",
"1558","伸興","","5,000","536,000","535,000",
"1560","中砂","","653,000","147,555,000","148,124,000",
"1563","巧新","","56,000","3,631,900","3,641,600",
"1568","倉佑","","3,000","81,950","82,150",
"1582","信錦","","184,000","17,652,600","17,708,400",
"1583","程泰","","3,000","179,600","179,800",
"1587","吉茂","Y","13,000","404,350","402,000",
"1589","永冠-KY","","68,000","2,361,400","2,372,350",
"1590","亞德客-KY","","415,000","366,049,000","367,490,000",
"1597","直得","","259,000","21,556,400","21,585,400",
"1598","岱宇","","115,000","3,124,850","3,121,950",
"1603","華電","","55,000","1,916,200","1,916,150",
"1604","聲寶","","11,000","309,350","309,400",
"1605","華新","","4,544,000","109,199,200","109,450,400",
"1608","華榮","","976,000","25,292,350","25,346,100",
"1609","大亞","","3,600,000","143,158,450","143,478,550",
"1611","中電","","130,000","1,889,000","1,897,650",
"1612","宏泰","","221,000","7,373,250","7,381,850",
"1614","三洋電","","18,000","720,200","723,000",
"1615","大山","","3,000","173,200","173,400",
"1616","億泰","","1,114,000","26,581,400","26,644,050",
"1617","榮星","","822,000","15,570,750","15,546,800",
"1618","合機","","1,653,000","70,988,100","71,076,700",
"1626","艾美特-KY","","0","0","0",
"1702","南僑","Y","67,000","3,194,750","3,213,350",
"1707","葡萄王","","3,000","424,500","426,500",
"1708","東鹼","","153,000","5,609,300","5,614,550",
"1709","和益","","27,000","522,950","524,650",
"1710","東聯","","314,000","4,720,450","4,750,500",
"1711","永光","","405,000","7,842,000","7,892,400",
"1712","興農","","71,000","2,995,050","2,995,700",
"1713","國化","","20,000","1,049,900","1,050,500",
"1714","和桐","","53,000","455,370","455,300",
"1717","長興","","183,000","5,195,300","5,205,650",
"1718","中纖","","632,000","4,456,230","4,455,600",
"1720","生達","","26,000","1,563,500","1,573,800",
"1721","三晃","","159,000","2,159,950","2,165,750",
"1722","台肥","","835,000","43,689,200","43,844,000",
"1723","中碳","","15,000","1,443,200","1,446,800",
"1725","元禎","","1,000","32,350","32,450",
"1726","永記","","0","0","0",
"1727","中華化","","98,000","2,594,600","2,587,700",
"1730","花仙子","","1,000","54,700","54,500",
"1731","美吾華","Y","0","0","0",
"1732","毛寶","","15,000","390,800","391,150",
"1733","五鼎","","149,000","5,142,100","5,141,450",
"1734","杏輝","","12,000","372,350","371,750",
"1735","日勝化","","2,000","36,950","36,750",
"1736","喬山","","5,318,000","1,150,400,000","1,153,512,000",
"1737","臺鹽","","2,000","64,600","64,600",
"1752","南光","","6,000","238,850","239,000",
"1760","寶齡富錦","","6,000","447,000","447,300",
"1762","中化生","","12,000","370,850","373,150",
"1773","勝一","","63,000","8,638,500","8,668,500",
"1776","展宇","","20,000","381,500","381,050",
"1783","和康生","","7,000","301,450","304,900",
"1786","科妍","","227,000","25,828,000","25,865,000",
"1789","神隆","","79,000","1,660,600","1,663,950",
"1795","美時","","254,000","58,852,500","58,932,000",
"1802","台玻","","12,176,000","206,206,750","205,979,000",
"1806","冠軍","","3,052,000","31,948,400","32,083,400",
"1808","潤隆","","989,000","34,021,750","34,079,750",
"1809","中釉","","213,000","3,655,600","3,667,100",
"1810","和成","","7,388,000","139,987,900","139,931,550",
"1817","凱撒衛","","8,000","384,100","387,250",
"1903","士紙","","121,000","6,201,250","6,229,100",
"1904","正隆","","46,000","878,000","876,750",
"1905","華紙","","419,000","6,378,650","6,375,050",
"1906","寶隆","","9,000","121,050","121,700",
"1907","永豐餘","","134,000","3,865,000","3,870,900",
"1909","榮成","","625,000","6,453,600","6,467,050",
"2002","中鋼","","4,530,000","103,155,500","103,514,750",
"2006","東和鋼鐵","","737,000","53,898,300","53,754,800",
"2008","高興昌","","0","0","0",
"2009","第一銅","","1,206,000","49,375,700","49,420,750",
"2010","春源","","272,000","5,754,700","5,760,050",
"2012","春雨","","6,000","142,200","142,400",
"2013","中鋼構","","14,000","683,250","685,400",
"2014","中鴻","","1,414,000","29,436,300","29,506,300",
"2015","豐興","","47,000","3,161,000","3,165,100",
"2017","官田鋼","","70,000","757,450","757,800",
"2020","美亞","","41,000","1,136,150","1,137,700",
"2022","聚亨","","123,000","1,116,130","1,115,910",
"2023","燁輝","","142,000","2,175,450","2,180,350",
"2024","志聯","","1,000","18,450","18,950",
"2027","大成鋼","","8,857,000","437,071,400","437,872,500",
"2028","威致","","50,000","1,108,700","1,112,050",
"2029","盛餘","","24,000","630,150","630,750",
"2030","彰源","","54,000","946,100","950,350",
"2031","新光鋼","","176,000","8,333,500","8,357,750",
"2032","新鋼","","377,000","6,909,750","6,933,350",
"2033","佳大","","26,000","521,650","521,950",
"2034","允強","","236,000","5,769,400","5,772,250",
"2038","海光","","586,000","10,823,700","10,854,750",
"2049","上銀","","1,378,000","336,692,500","337,005,500",
"2059","川湖","","644,000","1,062,855,000","1,065,155,000",
"2062","橋椿","","101,000","2,982,700","2,988,950",
"2069","運錩","","26,000","464,800","464,800",
"2101","南港","","369,000","14,398,450","14,434,650",
"2102","泰豐","","18,000","315,200","314,800",
"2103","台橡","Y","56,000","1,110,550","1,119,400",
"2104","國際中橡","","236,000","2,792,350","2,802,550",
"2105","正新","","1,551,000","78,991,600","79,281,800",
"2106","建大","","106,000","2,806,100","2,807,100",
"2107","厚生","","5,000","132,450","132,500",
"2108","南帝","","46,000","1,360,800","1,357,550",
"2109","華豐","","8,000","150,150","150,300",
"2114","鑫永銓","","2,000","187,000","189,200",
"2115","六暉-KY","","0","0","0",
"2201","裕隆","","424,000","18,033,700","18,088,550",
"2204","中華","","246,000","18,126,000","18,251,200",
"2206","三陽工業","","165,000","11,735,800","11,758,700",
"2207","和泰車","","28,000","17,045,000","17,075,000",
"2211","長榮鋼","","110,000","10,150,500","10,168,500",
"2228","劍麟","","32,000","2,850,000","2,853,900",
"2231","為升","","79,000","6,268,000","6,279,200",
"2233","宇隆","","142,000","25,445,000","25,490,000",
"2236","百達-KY","","123,000","12,198,700","12,205,100",
"2239","英利-KY","","4,000","137,800","137,950",
"2241","艾姆勒","","110,000","3,128,000","3,120,100",
"2243","宏旭-KY","","29,000","400,350","403,000",
"2247","汎德永業","","7,000","2,142,500","2,144,000",
"2250","IKKA-KY","","197,000","21,336,500","21,364,000",
"2301","光寶科","","811,000","76,799,200","76,937,600",
"2302","麗正","","150,000","3,054,150","3,062,600",
"2303","聯電","","15,149,000","687,646,400","688,079,100",
"2305","全友","","141,000","1,721,100","1,724,850",
"2308","台達電","","1,108,000","408,233,500","409,683,500",
"2312","金寶","Y","1,026,000","22,551,700","22,739,900",
"2313","華通","","2,564,000","153,395,400","153,691,200",
"2316","楠梓電","","90,000","3,702,850","3,710,700",
"2317","鴻海","","12,223,000","1,871,805,000","1,874,557,000",
"2323","中環","","541,000","4,812,560","4,822,510",
"2324","仁寶","","4,677,000","151,704,600","152,228,300",
"2327","國巨","","1,039,000","528,447,000","533,043,500",
"2328","廣宇","","18,272,000","861,358,600","862,952,650",
"2329","華泰","","894,000","29,814,650","30,539,300",
"2330","台積電","Y","1,470,000","1,390,687,000","1,386,725,000",
"2331","精英","","432,000","7,669,850","7,693,500",
"2332","友訊","","807,000","14,980,850","15,045,800",
"2337","旺宏","","18,521,000","400,149,500","401,563,200",
"2338","光罩","","292,000","11,414,300","11,438,300",
"2340","台亞","","535,000","12,573,250","12,633,600",
"2342","茂矽","","47,000","1,291,150","1,292,000",
"2344","華邦電","","26,911,000","492,274,050","495,342,950",
"2345","智邦","","1,307,000","771,502,000","775,171,000",
"2347","聯強","","1,727,000","126,939,500","127,268,500",
"2348","海悅","","99,000","14,863,000","14,915,500",
"2349","錸德","","881,000","10,159,650","10,155,850",
"2351","順德","","811,000","67,169,100","67,020,400",
"2352","佳世達","","361,000","10,574,950","10,613,350",
"2353","宏碁","","2,198,000","80,984,950","80,896,400",
"2354","鴻準","","1,516,000","96,739,500","96,876,900",
"2355","敬鵬","","237,000","7,827,700","7,867,300",
"2356","英業達","","3,054,000","131,123,000","131,120,200",
"2357","華碩","","833,000","505,520,000","505,432,000",
"2359","所羅門","","1,464,000","207,411,500","207,600,000",
"2360","致茂","","452,000","131,991,500","131,979,500",
"2362","藍天","","228,000","10,955,450","10,972,500",
"2363","矽統","","3,101,000","167,251,300","167,330,100",
"2364","倫飛","","26,000","2,088,300","2,102,600",
"2365","昆盈","Y","428,000","15,967,300","16,019,900",
"2367","燿華","","1,660,000","44,407,500","44,481,700",
"2368","金像電","","2,095,000","411,041,500","412,629,000",
"2369","菱生","","192,000","2,892,650","2,918,600",
"2371","大同","","3,720,000","153,882,400","154,051,350",
"2373","震旦行","","0","0","0",
"2374","佳能","","1,438,000","73,430,900","73,489,500",
"2375","凱美","","392,000","23,878,200","24,079,000",
"2376","技嘉","","383,000","94,625,500","94,602,500",
"2377","微星","","424,000","71,338,000","71,462,500",
"2379","瑞昱","","536,000","284,787,000","285,744,000",
"2382","廣達","","4,966,000","1,161,787,000","1,161,812,000",
"2383","台光電","","2,065,000","1,106,785,000","1,111,239,000",
"2385","群光","","1,329,000","223,388,000","223,476,500",
"2387","精元","","130,000","8,046,000","8,063,400",
"2388","威盛","","1,075,000","85,390,000","85,484,700",
"2390","云辰","","67,000","754,700","755,950",
"2392","正崴","","292,000","16,660,300","16,683,800",
"2393","億光","","428,000","36,272,000","36,305,400",
"2395","研華","","187,000","72,619,000","73,078,000",
"2397","友通","","21,000","1,522,600","1,521,500",
"2399","映泰","","374,000","7,978,850","7,988,600",
"2401","凌陽","","333,000","8,390,400","8,412,400",
"2402","毅嘉","","3,348,000","129,708,150","129,920,800",
"2404","漢唐","","1,475,000","678,690,500","678,767,000",
"2405","輔信","","551,000","10,490,950","10,522,650",
"2406","國碩","","222,000","2,829,600","2,837,100",
"2408","南亞科","","35,977,000","1,423,441,200","1,433,648,850",
"2409","友達","","9,680,000","136,864,700","137,044,700",
"2412","中華電","","1,996,000","258,720,000","259,149,500",
"2413","環科","","79,000","1,789,850","1,800,900",
"2414","精技","","3,000","115,400","115,400",
"2415","錩新","","51,000","1,373,450","1,380,700",
"2417","圓剛","","181,000","7,504,100","7,524,350",
"2419","仲琦","","128,000","3,172,050","3,183,250",
"2420","新巨","","82,000","4,861,000","4,899,300",
"2421","建準","","757,000","68,549,900","68,667,300",
"2423","固緯","","33,000","1,505,300","1,509,900",
"2425","承啟","","90,000","3,123,850","3,125,050",
"2426","鼎元","","151,000","2,668,850","2,682,600",
"2427","三商電","Y","193,000","5,099,050","5,105,150",
"2428","興勤","","15,000","2,238,500","2,235,500",
"2429","銘旺科","","8,288,000","488,336,500","490,503,200",
"2430","燦坤","","3,000","88,250","88,900",
"2431","聯昌","","729,000","10,567,250","10,619,100",
"2433","互盛電","","5,000","254,700","255,700",
"2434","統懋","","1,000","30,550","31,000",
"2436","偉詮電","","174,000","8,863,800","8,874,700",
"2439","美律","","1,277,000","159,086,000","159,187,500",
"2441","超豐","","70,000","4,102,000","4,113,800",
"2442","新美齊","","149,000","3,692,000","3,699,050",
"2449","京元電子","","2,305,000","211,670,600","211,978,800",
"2450","神腦","","1,000","33,350","33,400",
"2451","創見","","427,000","43,912,000","44,105,500",
"2453","凌群","","2,782,000","192,466,900","192,438,600",
"2454","聯發科","","1,511,000","2,180,725,000","2,187,430,000",
"2455","全新","","2,263,000","260,014,500","260,071,500",
"2457","飛宏","","404,000","11,130,150","11,187,700",
"2458","義隆","","477,000","65,756,000","65,807,000",
"2459","敦吉","","2,000","134,600","136,000",
"2460","建通","","36,000","716,400","719,150",
"2461","光群雷","","24,000","440,100","441,300",
"2462","良得電","","80,000","1,960,800","1,969,150",
"2464","盟立","","474,000","30,618,800","30,674,500",
"2466","冠西電","","1,241,000","106,005,800","106,042,200",
"2467","志聖","","148,000","21,838,500","21,897,000",
"2471","資通","","520,000","30,672,400","30,687,700",
"2472","立隆電","","470,000","38,997,800","39,250,600",
"2474","可成","","1,518,000","331,779,000","334,192,000",
"2476","鉅祥","","228,000","18,650,900","18,655,100",
"2477","美隆電","","74,000","1,834,450","1,834,050",
"2478","大毅","Y","8,000","375,000","376,750",
"2480","敦陽科","","16,000","2,235,000","2,234,000",
"2481","強茂","","591,000","30,942,900","31,095,900",
"2482","連宇","","46,000","968,900","977,100",
"2483","百容","","1,000","19,800","19,800",
"2484","希華","","49,000","1,137,500","1,138,800",
"2485","兆赫","","258,000","3,465,450","3,458,600",
"2486","一詮","","3,003,000","274,835,000","275,102,000",
"2488","漢平","","60,000","3,046,900","3,053,000",
"2489","瑞軒","","626,000","9,867,800","9,909,250",
"2492","華新科","","497,000","44,688,500","44,984,800",
"2493","揚博","","27,000","2,493,800","2,492,100",
"2495","普安","","194,000","5,307,050","5,307,450",
"2496","卓越","","2,000","156,500","157,600",
"2497","怡利電","","39,000","2,018,200","2,026,700",
"2498","宏達電","","6,045,000","250,807,400","251,175,750",
"2501","國建","","178,000","3,875,450","3,876,550",
"2504","國產","","680,000","28,351,750","28,395,600",
"2505","國揚","","146,000","3,222,950","3,219,250",
"2506","太設","","140,000","1,545,650","1,551,250",
"2509","全坤建","","25,000","392,700","392,550",
"2511","太子","","323,000","3,257,050","3,263,350",
"2514","龍邦","","22,000","419,950","421,550",
"2515","中工","","1,133,000","12,215,050","12,226,450",
"2520","冠德","","811,000","43,580,000","43,601,900",
"2524","京城","","209,000","12,711,200","12,710,100",
"2527","宏璟","","47,000","1,557,800","1,563,250",
"2528","皇普","","201,000","8,074,800","8,080,400",
"2530","華建","","55,000","2,154,950","2,154,100",
"2534","宏盛","","182,000","4,739,900","4,768,550",
"2535","達欣工","Y","103,000","5,610,100","5,648,900",
"2536","宏普","","29,000","950,300","948,400",
"2537","聯上發","","659,000","8,573,050","8,577,350",
"2538","基泰","","27,000","392,350","393,600",
"2539","櫻花建","","217,000","13,664,600","13,683,300",
"2540","愛山林","","455,000","37,075,500","37,251,600",
"2542","興富發","","1,166,000","49,945,750","50,176,100",
"2543","皇昌","","2,932,000","240,210,500","240,500,000",
"2545","皇翔","","194,000","12,386,200","12,385,500",
"2546","根基","","6,000","475,000","475,200",
"2547","日勝生","","1,596,000","21,883,500","21,907,850",
"2548","華固","","95,000","10,531,500","10,568,000",
"2597","潤弘","","24,000","4,355,000","4,361,500",
"2601","益航","","307,000","2,173,130","2,173,130",
"2603","長榮","","1,621,000","366,522,500","366,991,500",
"2605","新興","","465,000","11,580,450","11,597,400",
"2606","裕民","","1,277,000","83,069,800","83,216,200",
"2607","榮運","","317,000","10,399,850","10,404,550",
"2608","嘉里大榮","","10,000","376,700","377,700",
"2609","陽明","","5,207,000","400,846,800","401,109,200",
"2610","華航","","2,509,000","57,078,650","57,261,150",
"2611","志信","","46,000","989,600","992,200",
"2612","中航","","60,000","2,724,000","2,740,100",
"2613","中櫃","","31,000","928,600","931,300",
"2614","東森","","89,000","1,590,850","1,591,100",
"2615","萬海","","2,729,000","223,809,300","224,875,200",
"2616","山隆","","7,000","116,100","116,750",
"2617","台航","","74,000","2,277,700","2,278,600",
"2618","長榮航","","5,581,000","231,405,000","231,962,150",
"2630","亞航","","21,342,000","839,112,600","838,759,650",
"2633","台灣高鐵","","195,000","5,302,400","5,316,350",
"2634","漢翔","","79,862,000","4,251,021,500","4,252,222,400",
"2636","台驊控股","","22,000","1,683,500","1,684,700",
"2637","慧洋-KY","","1,641,000","114,231,400","114,611,800",
"2642","宅配通","","1,000","31,200","31,450",
"2645","長榮航太","","270,000","27,495,500","27,480,500",
"2646","星宇航空","","285,000","7,399,150","7,403,300",
"2701","萬企","","3,000","36,650","36,650",
"2702","華園","","7,000","105,350","105,550",
"2704","國賓","","16,000","809,100","810,100",
"2705","六福","Y","12,000","210,950","211,650",
"2706","第一店","","2,000","28,900","28,950",
"2707","晶華","","20,000","4,225,000","4,230,500",
"2712","遠雄來","","0","0","0",
"2722","夏都","","5,000","147,950","149,300",
"2723","美食-KY","Y","34,000","3,191,600","3,197,100",
"2727","王品","Y","4,000","907,000","908,000",
"2731","雄獅","","31,000","3,941,500","3,946,000",
"2739","寒舍","Y","13,000","582,450","585,650",
"2748","雲品","","10,000","559,000","560,600",
"2753","八方雲集","","232,000","41,826,500","41,916,000",
"2762","世界健身-KY","","0","0","0",
"2801","彰銀","","1,219,000","21,894,200","21,934,850",
"2809","京城銀","","95,000","4,722,600","4,729,000",
"2812","台中銀","","775,000","15,925,200","15,967,900",
"2816","旺旺保","","10,000","308,100","309,400",
"2820","華票","","64,000","962,950","962,950",
"2832","台產","","128,000","4,489,300","4,508,900",
"2834","臺企銀","","2,697,000","39,634,250","39,843,900",
"2836","高雄銀","","182,000","2,099,950","2,110,600",
"2838","聯邦銀","","283,000","4,932,000","4,925,950",
"2845","遠東銀","","583,000","7,873,800","7,882,350",
"2849","安泰銀","","53,000","745,850","745,100",
"2850","新產","Y","8,000","893,500","898,000",
"2851","中再保","","127,000","3,480,400","3,481,350",
"2852","第一保","","56,000","1,695,200","1,703,200",
"2855","統一證","","318,000","7,832,850","7,831,500",
"2867","三商壽","","1,280,000","7,970,260","7,986,940",
"2880","華南金","","1,271,000","35,634,650","35,642,700",
"2881","富邦金","","1,839,000","160,737,200","161,192,000",
"2882","國泰金","","5,103,000","315,375,200","316,115,000",
"2883","凱基金","","9,087,000","160,491,900","161,690,500",
"2884","玉山金","","3,246,000","94,522,800","94,872,300",
"2885","元大金","","3,227,000","111,039,850","111,394,100",
"2886","兆豐金","","1,495,000","59,148,400","59,228,050",
"2887","台新金","","7,729,000","133,524,550","133,685,950",
"2888","新光金","","17,755,000","221,983,350","222,747,650",
"2889","國票金","","497,000","6,436,750","6,430,000",
"2890","永豐金","","3,000,000","67,441,900","67,516,200",
"2891","中信金","","6,357,000","255,287,500","255,882,900",
"2892","第一金","","1,834,000","49,833,200","49,871,200",
"2897","王道銀行","","367,000","3,642,220","3,638,270",
"2901","欣欣","","2,000","54,350","54,350",
"2903","遠百","","350,000","8,594,550","8,594,500",
"2904","匯僑","","0","0","0",
"2905","三商","","95,000","1,291,350","1,293,750",
"2906","高林","","14,000","228,800","230,250",
"2908","特力","","215,000","4,331,050","4,332,850",
"2910","統領","","1,000","22,950","23,350",
"2912","統一超","","251,000","63,587,000","63,874,500",
"2913","農林","","196,000","3,492,000","3,506,000",
"2915","潤泰全","","359,000","21,491,500","21,500,800",
"2929","淘帝-KY","","199,000","2,371,100","2,377,000",
"2939","永邑-KY","","4,000","115,750","117,750",
"3002","歐格","","0","0","0",
"3003","健和興","","118,000","7,373,300","7,397,900",
"3004","豐達科","Y","55,000","5,447,400","5,458,700",
"3005","神基","","445,000","50,635,000","50,767,000",
"3006","晶豪科","","689,000","40,177,000","40,198,500",
"3008","大立光","Y","81,000","198,875,000","198,830,000",
"3010","華立","","54,000","5,413,500","5,427,300",
"3011","今皓","","495,000","7,449,700","7,506,550",
"3013","晟銘電","","2,140,000","235,755,500","235,785,000",
"3014","聯陽","","129,000","18,255,500","18,354,000",
"3015","全漢","","102,000","6,004,200","6,001,000",
"3016","嘉晶","","129,000","4,762,650","4,782,300",
"3017","奇鋐","Y","2,105,000","988,127,000","985,289,500",
"3018","隆銘綠能","","1,000","25,400","25,300",
"3019","亞光","","15,568,000","2,285,939,500","2,288,077,500",
"3021","鴻名","","78,000","1,593,400","1,600,150",
"3022","威強電","","1,589,000","144,194,300","144,669,400",
"3023","信邦","","355,000","89,910,500","90,506,500",
"3024","憶聲","","385,000","6,426,750","6,460,300",
"3025","星通","","121,000","7,230,600","7,240,200",
"3026","禾伸堂","","53,000","4,710,000","4,727,000",
"3027","盛達","","159,000","4,832,700","4,845,350",
"3028","增你強","","18,000","595,950","598,150",
"3029","零壹","","1,266,000","158,972,500","159,254,500",
"3030","德律","","725,000","82,794,500","82,973,500",
"3031","佰鴻","Y","61,000","1,219,600","1,230,050",
"3032","偉訓","","833,000","60,482,800","60,646,200",
"3033","威健","","166,000","5,631,200","5,647,150",
"3034","聯詠","","1,409,000","756,698,000","758,854,000",
"3035","智原","","4,572,000","1,031,761,000","1,036,102,500",
"3036","文曄","","832,000","82,562,700","82,756,200",
"3037","欣興","","7,378,000","696,098,100","699,140,000",
"3038","全台","","46,000","1,150,600","1,153,650",
"3040","遠見","","36,000","1,795,200","1,793,500",
"3041","揚智","","220,000","6,159,400","6,172,900",
"3042","晶技","","108,000","10,140,400","10,147,300",
"3043","科風","","26,000","783,550","782,450",
"3044","健鼎","","376,000","76,331,500","76,213,500",
"3045","台灣大","","1,051,000","121,881,000","122,109,000",
"3046","建碁","","15,000","723,100","732,500",
"3047","訊舟","","383,000","8,612,250","8,642,300",
"3048","益登","","65,000","1,742,500","1,749,300",
"3050","鈺德","","179,000","2,609,950","2,619,850",
"3051","力特","","58,000","1,735,850","1,740,600",
"3052","夆典","","24,000","292,100","293,400",
"3055","蔚華科","","45,000","3,013,000","3,012,400",
"3056","富華新","","1,077,000","40,992,050","41,040,800",
"3059","華晶科","","1,350,000","51,725,050","51,879,850",
"3060","銘異","","615,000","16,897,450","16,915,050",
"3062","建漢","","559,000","13,814,100","13,836,850",
"3090","日電貿","","379,000","26,555,800","26,874,000",
"3092","鴻碩","","18,000","466,650","468,500",
"3094","聯傑","","17,000","456,500","456,400",
"3130","一零四","","0","0","0",
"3138","耀登","","28,000","2,596,100","2,599,000",
"3149","正達","","480,000","14,981,250","14,973,450",
"3164","景岳","","1,000","20,100","20,700",
"3167","大量","","443,000","35,749,400","35,790,500",
"3168","眾福科","","1,000","48,000","48,000",
"3189","景碩","","729,000","60,404,700","60,501,900",
"3209","全科","","497,000","19,076,450","19,109,650",
"3231","緯創","","5,383,000","541,179,700","541,510,100",
"3257","虹冠電","Y","34,000","1,766,900","1,765,600",
"3266","昇陽","","56,000","1,000,750","1,006,050",
"3296","勝德","","8,000","191,400","191,850",
"3305","昇貿","","264,000","16,372,300","16,429,700",
"3308","聯德","","648,000","13,657,400","13,606,250",
"3311","閎暉","","5,000","182,400","182,700",
"3312","弘憶股","","936,000","45,026,950","45,131,500",
"3338","泰碩","","87,000","4,672,200","4,662,800",
"3346","麗清","","27,000","811,550","808,700",
"3356","奇偶","","137,000","7,333,600","7,348,600",
"3376","新日興","","6,199,000","1,511,932,500","1,512,542,000",
"3380","明泰","","134,000","4,051,000","4,065,500",
"3406","玉晶光","","211,000","85,744,000","85,777,000",
"3413","京鼎","","112,000","31,076,000","31,147,500",
"3416","融程電","","32,000","4,693,500","4,715,000",
"3419","譁裕","","54,000","828,600","832,400",
"3437","榮創","","119,000","2,162,300","2,163,050",
"3443","創意","","594,000","647,445,000","648,575,000",
"3447","展達","","545,000","31,270,700","31,346,700",
"3450","聯鈞","","10,026,000","2,323,617,000","2,326,860,500",
"3454","晶睿","","461,000","61,709,000","61,890,500",
"3481","群創","","15,205,000","236,655,100","236,869,250",
"3501","維熹","","15,000","934,500","935,200",
"3504","揚明光","","108,000","5,845,800","5,851,600",
"3515","華擎","","68,000","12,884,000","12,905,500",
"3518","柏騰","","64,000","1,291,050","1,292,000",
"3528","安馳","","5,471,000","410,950,600","414,428,000",
"3530","晶相光","","35,000","2,396,500","2,399,900",
"3532","台勝科","Y","100,000","8,240,400","8,274,900",
"3533","嘉澤","","184,000","263,300,000","263,650,000",
"3535","晶彩科","","432,000","15,837,350","15,886,200",
"3543","州巧","","12,000","240,300","239,750",
"3545","敦泰","","204,000","14,085,700","14,100,200",
"3550","聯穎","","64,000","929,300","930,800",
"3557","嘉威","","12,000","729,100","730,200",
"3563","牧德","","2,404,000","1,186,474,000","1,189,053,000",
"3583","辛耘","","208,000","58,288,500","58,401,000",
"3588","通嘉","","46,000","2,519,400","2,521,600",
"3591","艾笛森","","1,140,000","25,962,150","25,977,050",
"3592","瑞鼎","","151,000","52,851,000","52,839,000",
"3596","智易","","490,000","110,723,000","110,781,500",
"3605","宏致","","1,505,000","81,530,200","81,521,700",
"3607","谷崧","","75,000","1,278,200","1,276,100",
"3617","碩天","","121,000","34,332,000","34,435,500",
"3622","洋華","","48,000","2,594,300","2,598,700",
"3645","達邁","","1,303,000","75,731,900","75,772,900",
"3652","精聯","","7,000","233,500","234,200",
"3653","健策","","349,000","358,965,000","359,475,000",
"3661","世芯-KY","","2,131,000","5,686,560,000","5,696,555,000",
"3665","貿聯-KY","","743,000","381,780,000","382,987,000",
"3669","圓展","","21,000","826,500","830,050",
"3673","TPK-KY","","291,000","10,347,400","10,346,000",
"3679","新至陞","","5,000","708,500","713,000",
"3694","海華","","468,000","24,038,100","24,089,200",
"3701","大眾控","","238,000","8,218,500","8,215,250",
"3702","大聯大","","601,000","38,291,300","38,344,500",
"3703","欣陸","","136,000","3,705,900","3,718,150",
"3704","合勤控","","228,000","7,911,250","7,944,450",
"3705","永信","","370,000","21,465,800","21,467,500",
"3706","神達","","9,171,000","529,125,300","532,018,900",
"3708","上緯投控","","105,000","7,929,800","7,934,500",
"3711","日月光投控","","3,133,000","468,678,000","469,177,000",
"3712","永崴投控","","322,000","16,966,500","17,004,200",
"3714","富采","","407,000","16,305,350","16,349,150",
"3715","定穎投控","","716,000","33,753,050","33,914,550",
"3716","中化控股","","6,000","214,850","216,000",
"4104","佳醫","","5,000","441,200","441,000",
"4106","雃博","","5,000","122,450","124,050",
"4119","旭富","","5,000","389,000","388,800",
"4133","亞諾法","","7,000","201,350","201,600",
"4137","麗豐-KY","","11,000","1,314,000","1,315,000",
"4142","國光生","","208,000","4,224,850","4,230,250",
"4148","全宇生技-KY","","1,000","42,400","42,400",
"4155","訊映","Y","14,000","264,300","265,350",
"4164","承業醫","Y","269,000","13,005,650","13,089,150",
"4190","佐登-KY","","0","0","0",
"4306","炎洲","","116,000","2,033,800","2,033,500",
"4426","利勤","","55,000","788,550","791,400",
"4438","廣越","","31,000","3,241,500","3,240,000",
"4439","冠星-KY","","1,000","96,100","97,900",
"4440","宜新實業","Y","3,000","69,300","69,350",
"4526","東台","","350,000","9,444,400","9,456,950",
"4532","瑞智","","676,000","21,278,100","21,303,650",
"4536","拓凱","","43,000","8,549,000","8,567,500",
"4540","全球傳動","","548,000","24,773,250","24,816,400",
"4545","銘鈺","","36,000","1,356,250","1,363,850",
"4551","智伸科","","76,000","7,609,200","7,631,000",
"4552","力達-KY","","6,000","141,750","141,850",
"4555","氣立","","72,000","2,870,950","2,876,800",
"4557","永新-KY","","9,000","1,035,000","1,040,000",
"4560","強信-KY","","87,000","3,004,300","3,004,850",
"4562","穎漢","","221,000","10,468,200","10,501,250",
"4564","元翎","","1,740,000","39,086,750","39,074,700",
"4566","時碩工業","","240,000","16,190,700","16,216,700",
"4569","六方科-KY","","27,000","4,254,000","4,266,000",
"4571","鈞興-KY","","252,000","41,165,500","41,273,500",
"4572","駐龍","","1,383,000","234,842,000","234,986,500",
"4576","大銀微系統","","800,000","97,982,000","98,081,500",
"4581","光隆精密-KY","","0","0","0",
"4583","台灣精銳","","664,000","485,621,000","485,825,000",
"4588","玖鼎電力","","11,000","855,400","855,400",
"4720","德淵","","22,000","433,300","432,100",
"4722","國精化","","269,000","15,952,700","16,026,600",
"4736","泰博","Y","11,000","1,613,500","1,619,500",
"4737","華廣","","0","0","0",
"4739","康普","","31,000","1,658,500","1,658,700",
"4746","台耀","","113,000","7,513,700","7,520,500",
"4755","三福化","Y","9,000","992,000","991,500",
"4763","材料-KY","","263,000","230,063,000","230,253,000",
"4764","雙鍵","","0","0","0",
"4766","南寶","","117,000","43,251,000","43,277,000",
"4770","上品","","134,000","36,969,000","37,103,500",
"4771","望隼","","69,000","14,589,000","14,619,500",
"4807","日成-KY","","138,000","2,821,250","2,834,400",
"4904","遠傳","","1,223,000","113,522,200","113,853,700",
"4906","正文","","248,000","7,446,800","7,461,200",
"4912","聯德控股-KY","","93,000","9,814,000","9,856,500",
"4915","致伸","","250,000","20,765,100","20,797,200",
"4916","事欣科","","3,319,000","133,446,150","133,478,850",
"4919","新唐","","414,000","33,634,600","33,658,200",
"4927","泰鼎-KY","","721,000","23,544,300","23,652,500",
"4930","燦星網","Y","2,000","56,900","56,800",
"4935","茂林-KY","","13,000","676,200","676,600",
"4938","和碩","Y","967,000","84,336,500","84,254,100",
"4942","嘉彰","","8,000","329,450","331,350",
"4952","凌通","","36,000","1,684,600","1,687,850",
"4956","光鋐","","123,000","3,096,800","3,104,700",
"4958","臻鼎-KY","","1,407,000","151,307,500","151,404,500",
"4960","誠美材","","123,000","1,584,350","1,584,250",
"4961","天鈺","","167,000","35,196,000","35,413,000",
"4967","十銓","","427,000","34,817,100","34,795,800",
"4968","立積","","928,000","150,265,500","150,331,000",
"4976","佳凌","","48,000","1,506,450","1,507,200",
"4977","眾達-KY","","1,151,000","119,198,000","119,439,500",
"4989","榮科","","303,000","5,695,600","5,716,850",
"4994","傳奇","","2,000","198,700","200,000",
"4999","鑫禾","","5,000","153,000","154,200",
"5007","三星","","8,000","419,400","421,000",
"5203","訊連","","151,000","17,033,500","17,276,000",
"5215","科嘉-KY","","0","0","0",
"5222","全訊","","129,000","15,576,500","15,614,000",
"5225","東科-KY","","582,000","61,711,000","62,546,000",
"5234","達興材料","","188,000","32,140,000","32,188,000",
"5243","乙盛-KY","","147,000","7,523,100","7,537,800",
"5244","弘凱","","4,032,000","190,690,850","191,067,850",
"5258","虹堡","","65,000","5,165,400","5,156,100",
"5269","祥碩","","457,000","817,295,000","820,355,000",
"5283","禾聯碩","Y","4,000","389,700","388,900",
"5284","jpp-KY","","147,000","21,490,000","21,490,000",
"5285","界霖","","48,000","2,430,600","2,438,000",
"5288","豐祥-KY","","33,000","5,752,000","5,754,000",
"5292","華懋","","4,000","595,500","599,500",
"5306","桂盟","","9,000","1,019,500","1,022,500",
"5388","中磊","","636,000","73,252,500","73,589,000",
"5434","崇越","","47,000","12,395,000","12,417,000",
"5469","瀚宇博","","346,000","18,177,800","18,238,400",
"5471","松翰","","34,000","1,329,800","1,333,000",
"5515","建國","","231,000","7,371,200","7,385,100",
"5519","隆大","","123,000","4,440,800","4,441,650",
"5521","工信","","692,000","8,526,350","8,549,050",
"5522","遠雄","","268,000","18,217,100","18,254,000",
"5525","順天","","4,000","134,500","135,100",
"5531","鄉林","","1,392,000","15,324,800","15,289,450",
"5533","皇鼎","","11,000","208,900","209,200",
"5534","長虹","","397,000","38,234,800","38,413,700",
"5538","東明-KY","","4,000","130,150","131,000",
"5546","永固-KY","","3,000","90,700","90,400",
"5607","遠雄港","","70,000","2,742,100","2,743,400",
"5608","四維航","","405,000","7,425,650","7,438,050",
"5706","鳳凰","Y","11,000","637,900","641,400",
"5871","中租-KY","","2,167,000","256,882,500","258,141,500",
"5876","上海商銀","","1,349,000","61,505,300","61,627,800",
"5880","合庫金","","232,000","5,636,550","5,630,750",
"5906","台南-KY","","28,000","1,570,900","1,574,900",
"5907","大洋-KY","","46,000","410,010","413,820",
"6005","群益證","","383,000","9,859,350","9,919,100",
"6024","群益期","","31,000","1,533,300","1,532,900",
"6108","競國","","39,000","606,750","608,700",
"6112","邁達特","","985,000","47,709,900","47,751,600",
"6115","鎰勝","","4,000","211,900","213,700",
"6116","彩晶","","792,000","6,183,340","6,197,290",
"6117","迎廣","","2,128,000","181,968,300","182,495,600",
"6120","達運","","157,000","1,910,300","1,919,900",
"6128","上福","","18,000","667,150","665,950",
"6133","金橋","","51,000","849,750","856,550",
"6136","富爾特","","29,000","696,850","698,250",
"6139","亞翔","","989,000","236,898,500","237,577,000",
"6141","柏承","","88,000","1,099,700","1,099,900",
"6153","嘉聯益","","350,000","4,732,150","4,763,950",
"6155","鈞寶","","24,000","568,650","569,850",
"6164","華興","Y","15,000","178,100","178,600",
"6165","浪凡","","466,000","22,875,400","22,872,950",
"6166","凌華","","3,715,000","325,677,300","326,802,600",
"6168","宏齊","","99,000","1,841,900","1,842,600",
"6176","瑞儀","","317,000","58,061,500","58,027,000",
"6177","達麗","","670,000","31,538,100","31,656,250",
"6183","關貿","","2,000","179,400","180,900",
"6184","大豐電","","0","0","0",
"6189","豐藝","","49,000","3,394,000","3,412,500",
"6191","精成科","","1,367,000","89,226,900","89,326,500",
"6192","巨路","","69,000","7,296,500","7,338,500",
"6196","帆宣","","641,000","106,197,500","105,910,500",
"6197","佳必琪","","5,021,000","692,839,500","695,218,000",
"6201","亞弘電","","1,000","60,400","60,800",
"6202","盛群","","104,000","4,668,700","4,671,100",
"6205","詮欣","","17,000","1,081,300","1,091,900",
"6206","飛捷","Y","1,913,000","240,561,000","240,466,000",
"6209","今國光","","1,134,000","33,982,050","34,012,850",
"6213","聯茂","","401,000","26,374,600","26,449,200",
"6214","精誠","","449,000","55,220,500","55,481,000",
"6215","和椿","Y","608,000","50,274,500","50,310,600",
"6216","居易","","29,000","1,067,700","1,068,200",
"6224","聚鼎","","32,000","1,576,000","1,579,750",
"6230","尼得科超眾","","12,000","1,838,000","1,846,000",
"6235","華孚","","168,000","8,430,250","8,473,950",
"6239","力成","","1,002,000","127,816,000","128,134,000",
"6243","迅杰","","26,000","999,950","1,003,300",
"6257","矽格","","415,000","31,908,900","31,962,800",
"6269","台郡","","219,000","13,107,200","13,126,400",
"6271","同欣電","","182,000","20,824,000","20,815,000",
"6277","宏正","","0","0","0",
"6278","台表科","","313,000","34,933,500","35,038,000",
"6281","全國電","","3,000","228,000","228,000",
"6282","康舒","","529,000","15,778,100","15,847,100",
"6283","淳安","","675,000","20,748,150","20,787,900",
"6285","啟碁","","1,090,000","151,607,000","151,977,500",
"6288","聯嘉","","178,000","4,022,400","4,035,600",
"6405","悅城","","52,000","1,383,250","1,387,400",
"6409","旭隼","","99,000","148,110,000","148,545,000",
"6412","群電","","123,000","13,841,000","13,886,000",
"6414","樺漢","","144,000","41,391,500","41,469,000",
"6415","矽力*-KY","","652,000","260,851,500","261,006,000",
"6416","瑞祺電通","","183,000","18,278,800","18,409,300",
"6426","統新","","50,000","3,446,600","3,464,200",
"6438","迅得","Y","1,335,000","252,205,000","252,720,000",
"6442","光聖","","1,296,000","530,316,500","531,342,500",
"6443","元晶","","1,142,000","19,906,700","19,983,700",
"6446","藥華藥","","298,000","158,231,000","158,909,000",
"6449","鈺邦","","74,000","8,910,500","8,921,000",
"6451","訊芯-KY","","783,000","125,819,000","125,917,000",
"6456","GIS-KY","","111,000","5,408,550","5,414,200",
"6464","台數科","","12,000","948,300","956,000",
"6472","保瑞","","294,000","202,209,000","202,866,000",
"6477","安集","","660,000","21,475,750","21,497,750",
"6491","晶碩","","45,000","16,136,000","16,176,000",
"6504","南六","","12,000","708,100","709,200",
"6505","台塑化","","682,000","25,504,700","25,703,900",
"6515","穎崴","","1,108,000","1,088,791,000","1,089,846,000",
"6525","捷敏-KY","","12,000","832,800","837,500",
"6526","達發","","56,000","32,240,000","32,306,000",
"6531","愛普*","","236,000","61,545,500","61,620,000",
"6533","晶心科","","128,000","41,688,500","41,804,000",
"6552","易華電","","3,000","93,200","94,900",
"6558","興能高","","6,787,000","342,258,550","343,058,800",
"6579","研揚","","63,000","8,784,000","8,838,000",
"6581","鋼聯","","3,000","331,500","332,000",
"6582","申豐","","32,000","1,518,000","1,530,500",
"6585","鼎基","","52,000","7,621,000","7,646,000",
"6591","動力-KY","","27,000","1,362,700","1,365,200",
"6592","和潤企業","","43,000","3,180,000","3,187,300",
"6605","帝寶","","91,000","18,213,000","18,170,500",
"6606","建德工業","","30,000","785,100","785,200",
"6625","必應","","24,000","1,723,900","1,720,900",
"6641","基士德-KY","","0","0","0",
"6655","科定","","0","0","0",
"6658","聯策","","761,000","51,965,600","52,609,400",
"6666","羅麗芬-KY","","37,000","1,768,000","1,770,250",
"6668","中揚光","","915,000","48,539,400","48,213,900",
"6669","緯穎","","553,000","947,720,000","949,990,000",
"6670","復盛應用","","211,000","75,109,000","75,311,500",
"6671","三能-KY","","1,000","42,000","42,450",
"6672","騰輝電子-KY","","147,000","11,078,500","11,089,500",
"6674","鋐寶科技","","8,000","167,000","167,100",
"6689","伊雲谷","","111,000","10,225,600","10,274,600",
"6691","洋基工程","","122,000","49,142,500","49,264,000",
"6695","芯鼎","","178,000","8,685,900","8,697,500",
"6698","旭暉應材","","69,000","2,226,700","2,233,800",
"6706","惠特","","652,000","54,347,600","54,291,600",
"6715","嘉基","","186,000","24,430,500","24,689,500",
"6719","力智","","85,000","15,785,500","15,862,000",
"6742","澤米","","149,000","8,310,400","8,324,600",
"6743","安普新","","50,000","1,899,550","1,900,900",
"6753","龍德造船","","15,328,000","1,759,283,000","1,761,732,500",
"6754","匯僑設計","","0","0","0",
"6756","威鋒電子","","29,000","3,126,500","3,129,000",
"6757","台灣虎航","","1,066,000","95,600,400","95,839,700",
"6768","志強-KY","","315,000","39,290,500","39,347,000",
"6770","力積電","","6,427,000","101,041,300","101,320,050",
"6776","展碁國際","","41,000","2,363,900","2,369,500",
"6781","AES-KY","","1,052,000","914,065,000","914,317,000",
"6782","視陽","","34,000","5,683,500","5,690,000",
"6789","采鈺","","241,000","54,991,500","55,058,500",
"6790","永豐實","","26,000","1,145,400","1,152,050",
"6792","詠業","","3,000","183,800","183,400",
"6796","晉弘","","1,000","81,600","82,300",
"6799","來頡","","4,171,000","516,112,500","518,140,500",
"6805","富世達","","571,000","334,201,000","334,538,000",
"6806","森崴能源","","494,000","43,228,400","43,346,400",
"6807","峰源-KY","","12,000","882,300","885,500",
"6830","汎銓","","45,000","6,023,000","6,066,000",
"6834","天二科技","","14,000","425,350","424,850",
"6835","圓裕","","57,000","2,617,800","2,619,950",
"6838","台新藥","","70,000","2,042,400","2,044,850",
"6861","睿生光電","","4,000","226,700","226,400",
"6863","永道-KY","","163,000","32,754,500","32,851,500",
"6869","雲豹能源","","245,000","38,097,500","38,110,000",
"6873","泓德能源","Y","43,000","8,571,000","8,570,000",
"6890","來億-KY","","432,000","161,926,500","162,387,000",
"6901","鑽石投資","","105,000","2,829,100","2,827,400",
"6906","現觀科","","10,000","1,258,500","1,272,500",
"6914","阜爾運通","","7,000","973,500","973,000",
"6916","華凌","","50,000","1,093,700","1,093,850",
"6919","康霈*","","784,000","602,028,000","605,877,000",
"6923","中台","","2,000","156,800","156,700",
"6928","攸泰科技","","24,000","1,399,500","1,400,800",
"6933","AMAX-KY","Y","4,000","621,500","628,000",
"6937","天虹","","170,000","37,388,000","37,523,000",
"6952","大武山","","1,000","48,650","48,800",
"6957","裕慶-KY","","14,000","2,706,500","2,709,500",
"6958","日盛台駿","Y","1,000","23,850","23,850",
"6962","ITH-KY","","711,000","38,288,700","38,393,900",
"7722","LINEPAY","","36,000","22,393,000","22,510,000",
"8011","台通","","427,000","9,809,000","9,822,150",
"8016","矽創","","250,000","47,956,000","48,177,500",
"8021","尖點","","42,000","1,216,400","1,216,400",
"8028","昇陽半導體","","4,021,000","492,329,500","492,750,000",
"8039","台虹","","489,000","21,425,400","21,588,800",
"8045","達運光電","","73,000","8,764,000","8,839,000",
"8046","南電","","1,232,000","127,485,000","127,905,000",
"8070","長華*","","563,000","23,759,450","23,758,250",
"8072","陞泰","","3,828,000","119,999,100","120,216,150",
"8081","致新","","169,000","39,359,500","39,868,500",
"8103","瀚荃","","75,000","3,495,750","3,509,450",
"8104","錸寶","","35,000","1,285,000","1,286,000",
"8105","凌巨","","209,000","2,788,200","2,789,700",
"8110","華東","","584,000","7,980,300","8,001,150",
"8112","至上","","211,000","11,728,100","11,746,400",
"8114","振樺電","","88,000","24,286,000","24,510,000",
"8131","福懋科","","27,000","775,200","775,750",
"8150","南茂","","410,000","11,915,250","11,936,450",
"8163","達方","","127,000","5,159,650","5,167,650",
"8210","勤誠","","133,000","34,187,000","34,206,000",
"8213","志超","","38,000","1,231,650","1,235,000",
"8215","明基材","","51,000","1,322,300","1,324,850",
"8222","寶一","","98,811,000","5,532,757,500","5,526,010,700",
"8249","菱光","","631,000","32,045,000","32,114,900",
"8261","富鼎","","114,000","9,397,900","9,409,900",
"8271","宇瞻","","19,000","906,950","905,050",
"8341","日友","","14,000","1,144,500","1,147,700",
"8367","建新國際","","1,000","49,100","49,250",
"8374","羅昇","","252,000","23,791,400","23,823,700",
"8404","百和興業-KY","","441,000","11,820,350","11,867,300",
"8411","福貞-KY","","1,000","13,000","13,100",
"8422","可寧衛","","9,000","1,724,000","1,726,000",
"8429","金麗-KY","","100,000","968,060","969,540",
"8438","昶昕","","39,000","1,272,050","1,277,500",
"8442","威宏-KY","","17,000","1,624,200","1,629,600",
"8443","阿瘦","","0","0","0",
"8454","富邦媒","","15,000","5,322,000","5,333,000",
"8462","柏文","Y","3,000","382,000","384,500",
"8463","潤泰材","","13,000","330,700","331,850",
"8464","億豐","Y","130,000","51,413,000","51,466,500",
"8466","美吉吉-KY","","9,000","329,400","327,550",
"8467","波力-KY","","208,000","38,203,000","38,329,500",
"8473","山林水","","82,000","2,605,100","2,605,700",
"8476","台境*","","6,000","144,150","144,350",
"8478","東哥遊艇","","59,000","10,087,000","10,178,500",
"8481","政伸","","1,000","50,400","50,900",
"8482","商億-KY","","11,000","950,200","956,600",
"8488","吉源-KY","","2,000","26,600","26,800",
"8499","鼎炫-KY","","35,000","5,761,500","5,763,500",
"8926","台汽電","","51,000","2,110,550","2,114,100",
"8996","高力","","542,000","125,295,500","125,656,500",
"9105","泰金寶-DR","","6,251,000","41,426,640","41,459,450",
"912000","晨訊科-DR","","33,000","103,200","103,810",
"9136","巨騰-DR","","58,000","456,200","462,440",
"9802","鈺齊-KY","","106,000","13,092,000","13,096,500",
"9902","台火","","2,000","29,450","29,500",
"9904","寶成","","1,261,000","44,160,650","44,323,900",
"9905","大華","","2,000","46,700","46,800",
"9906","欣巴巴","","149,000","14,760,000","14,742,500",
"9907","統一實","","1,230,000","21,868,550","21,888,000",
"9908","大台北","","0","0","0",
"9910","豐泰","","119,000","14,259,500","14,243,000",
"9911","櫻花","","77,000","7,123,600","7,130,600",
"9914","美利達","","267,000","41,085,500","41,224,000",
"9917","中保科","","21,000","2,579,500","2,582,000",
"9918","欣天然","","0","0","0",
"9919","康那香","","41,000","726,600","726,600",
"9921","巨大","","196,000","28,190,500","28,286,000",
"9924","福興","","14,000","736,500","737,400",
"9925","新保","Y","0","0","0",
"9926","新海","","0","0","0",
"9927","泰銘","","28,000","2,096,700","2,096,100",
"9928","中視","","1,000","16,500","16,900",
"9930","中聯資源","","5,000","356,100","355,900",
"9931","欣高","Y","1,000","36,100","36,000",
"9933","中鼎","","66,000","2,680,200","2,689,100",
"9934","成霖","","161,000","2,045,850","2,047,900",
"9935","慶豐富","","95,000","2,800,550","2,830,150",
"9937","全國","","2,000","123,400","123,500",
"9938","百和","","173,000","11,275,300","11,281,400",
"9939","宏全","","44,000","6,662,000","6,664,000",
"9940","信義","","82,000","2,375,300","2,400,500",
"9941","裕融","","119,000","13,093,500","13,125,500",
"9942","茂順","","2,000","232,000","233,000",
"9943","好樂迪","","0","0","0",
"9944","新麗","","24,000","457,700","458,450",
"9945","潤泰新","","560,000","20,001,550","19,997,850",
"9946","三發地產","","19,000","430,150","429,600",
"9955","佳龍","","479,000","14,086,900","14,073,750",
"9958","世紀鋼","","2,464,000","433,717,500","434,547,500",
